disease,model,MAE,RMSE
Adenovirus,seasonal_naive,0.5159615384615385,0.6685935295022737
Adenovirus,ARIMA,0.7960560431789845,0.9683639375049797
Adenovirus,ETS,1.1074931816147895,1.2446667037903272
Influenza,seasonal_naive,3.273269230769231,4.470241130994028
Influenza,ARIMA,3.6269065246912064,4.706102055119373
Influenza,ETS,6.007631381541963,8.427140548943568
Parainfluenza,ARIMA,0.5297905013509826,0.6458042211577778
Parainfluenza,ETS,0.6544227297561427,0.7987341200307453
Parainfluenza,seasonal_naive,0.7267307692307692,0.8470979872482285
RSV,seasonal_naive,1.1471153846153848,1.8743486047978621
RSV,ARIMA,1.4456883882782159,2.256858612876258
RSV,ETS,2.4682750775886104,4.159741853951064
Rhinovirus,ARIMA,2.1124163644118883,2.6333240155137805
Rhinovirus,seasonal_naive,2.501730769230769,3.049732333778213
Rhinovirus,ETS,2.7870437457091777,3.5022520098938696
hMPV,seasonal_naive,0.6513461538461538,0.7888830955607672
hMPV,ARIMA,0.8937915212297862,0.9973725263915864
hMPV,ETS,1.0830042898994159,1.380892520195633
