disease,date,observed,seasonal_naive,ETS,ARIMA
Adenovirus,2025-07-07,2.42,1.48,2.4119272228654003,2.366958834603299
Adenovirus,2025-07-14,2.31,1.75,2.4467058762974716,2.3643645236629895
Adenovirus,2025-07-21,2.02,1.88,2.481484529729543,2.3953517093728225
Adenovirus,2025-07-28,1.84,1.56,2.5162631831616142,2.3439619567875387
Adenovirus,2025-08-04,1.62,1.54,2.551041836593686,2.3483795430822743
Adenovirus,2025-08-11,1.74,1.54,2.5858204900257573,2.3419691601250596
Adenovirus,2025-08-18,1.24,1.6,2.6205991434578286,2.3498043321728543
Adenovirus,2025-08-25,1.32,1.54,2.6553777968899,2.341419415976022
Adenovirus,2025-09-01,1.47,1.17,2.6901564503219713,2.2802700148976247
Adenovirus,2025-09-08,1.17,1.07,2.7249351037540426,2.2806579068967974
Adenovirus,2025-09-15,1.33,1.43,2.759713757186114,2.313331936561992
Adenovirus,2025-09-22,2.82,1.7,2.7944924106181857,2.348827896142683
Adenovirus,2025-09-29,2.19,1.47,2.829271064050257,2.3295101818250123
Adenovirus,2025-10-06,1.47,1.76,2.8640497174823283,2.361141849721383
Adenovirus,2025-10-13,1.7,1.62,2.8988283709143996,2.343335666511611
Adenovirus,2025-10-20,1.78,1.93,2.933607024346471,2.399387009551552
Adenovirus,2025-10-27,1.72,1.65,2.9683856777785422,2.3592903595701684
Adenovirus,2025-11-03,2.01,1.91,3.0031643312106135,2.3958542655669377
Adenovirus,2025-11-10,2.15,2.51,3.037942984642685,2.4660851894224423
Adenovirus,2025-11-17,1.16,1.87,3.072721638074756,2.3800477059447824
Adenovirus,2025-11-24,1.97,1.7,3.107500291506828,2.360238640469016
Adenovirus,2025-12-01,1.61,1.94,3.1422789449388993,2.3860902362365475
Adenovirus,2025-12-08,1.23,1.98,3.1770575983709706,2.3864910792812686
Adenovirus,2025-12-15,1.77,2.51,3.211836251803042,2.4576458065913385
Adenovirus,2025-12-22,1.8,1.62,3.246614905235113,2.346789329014279
Adenovirus,2025-12-29,1.47,1.76,3.2813935586671845,2.3643884564552717
Adenovirus,2026-01-05,1.24,1.72,3.316172212099256,2.356720836200028
Adenovirus,2026-01-12,1.36,1.94,3.3509508655313276,2.391196889015316
Adenovirus,2026-01-19,1.92,1.95,3.385729518963399,2.395145086222472
Adenovirus,2026-01-26,2.22,2.68,3.4205081723954702,2.4865550302197157
Adenovirus,2026-02-02,3.09,3.03,3.4552868258275415,2.5295218550381655
Adenovirus,2026-02-09,3.74,3.06,3.490065479259613,2.538056288206415
Adenovirus,2026-02-16,4.67,3.4,3.524844132691684,2.589098889388047
Adenovirus,2026-02-23,3.66,3.13,3.5596227861237555,2.5421423310832125
Adenovirus,2026-03-02,3.09,3.29,3.594401439555827,2.5623459364111474
Adenovirus,2026-03-09,3.15,2.59,3.629180092987898,2.4818993333484456
Adenovirus,2026-03-16,4.18,2.63,3.66395874641997,2.480201535090231
Adenovirus,2026-03-23,4.62,3.07,3.698737399852041,2.5490403471461933
Adenovirus,2026-03-30,4.77,2.91,3.7335160532841125,2.5159489377510487
Adenovirus,2026-04-06,4.49,4.05,3.768294706716184,2.663147277178171
Adenovirus,2026-04-13,4.88,3.84,3.803073360148255,2.6254199299472663
Adenovirus,2026-04-20,3.51,3.28,3.8378520135803265,2.5582063756869475
Adenovirus,2026-04-27,2.98,2.86,3.8726306670123978,2.503507652999386
Adenovirus,2026-05-04,2.21,3.18,3.9074093204444695,2.553224599544003
Adenovirus,2026-05-11,2.25,2.94,3.942187973876541,2.510292343310015
Adenovirus,2026-05-18,2.24,2.63,3.976966627308612,2.4659848656922163
Adenovirus,2026-05-25,2.63,2.36,4.0117452807406835,2.4388259155751673
Adenovirus,2026-06-01,2.62,2.17,4.046523934172755,2.4351309154329237
Adenovirus,2026-06-08,3.25,2.15,4.081302587604826,2.41541385504131
Adenovirus,2026-06-15,3.3,2.21,4.116081241036897,2.4157267901507766
Adenovirus,2026-06-22,2.36,2.66,4.150859894468969,2.478727603083519
Adenovirus,2026-06-29,1.79,2.28,4.18563854790104,2.4306816125431596
hMPV,2025-07-07,0.91,1.14,1.1682345312755427,1.1825980236064857
hMPV,2025-07-14,0.85,1.73,1.1675703361431056,1.3176949065382937
hMPV,2025-07-21,0.72,0.91,1.1670389799697043,1.2274634400468667
hMPV,2025-07-28,0.47,0.89,1.166613894977022,1.275402614876807
hMPV,2025-08-04,0.56,1.05,1.166273826939707,1.3568865825265939
hMPV,2025-08-11,0.69,1.53,1.1660017724753202,1.493249433794553
hMPV,2025-08-18,0.66,1.16,1.1657841288761823,1.4892639245921422
hMPV,2025-08-25,0.5,0.8,1.1656100139747696,1.4858418625036347
hMPV,2025-09-01,1.02,0.57,1.1654707220359575,1.5016655176562037
hMPV,2025-09-08,0.48,0.76,1.165359288470762,1.5837677075336587
hMPV,2025-09-15,0.44,0.8,1.1652701416072893,1.637082431497008
hMPV,2025-09-22,0.35,0.6,1.1651988241074578,1.6461714442349218
hMPV,2025-09-29,0.76,0.34,1.1651417701003501,1.6404589728150603
hMPV,2025-10-06,0.11,1.06,1.1650961268888698,1.7918455784741079
hMPV,2025-10-13,0.81,1.58,1.1650596123150505,1.9050210845693216
hMPV,2025-10-20,0.35,1.49,1.1650304006522867,1.912220181480331
hMPV,2025-10-27,0.39,1.2,1.1650070313191092,1.8814763200419231
hMPV,2025-11-03,0.99,1.8,1.164988335850194,1.993435295867558
hMPV,2025-11-10,0.98,1.63,1.1649733794731632,1.9737512162497695
hMPV,2025-11-17,0.68,2.33,1.1649614143700195,2.0942025251552554
hMPV,2025-11-24,1.33,2.27,1.1649518422862897,2.085493528227177
hMPV,2025-12-01,2.09,2.44,1.1649441846183337,2.111896994985406
hMPV,2025-12-08,1.87,2.26,1.1649380584831912,2.0778934009778576
hMPV,2025-12-15,3.02,3.81,1.164933157574455,2.328125645939295
hMPV,2025-12-22,3.93,4.01,1.1649292368469686,2.3533614451858256
hMPV,2025-12-29,3.23,4.27,1.164926100264581,2.3873352481283603
hMPV,2026-01-05,3.03,3.27,1.1649235909983526,2.212000113625033
hMPV,2026-01-12,3.62,3.75,1.164921583585115,2.281109621873239
hMPV,2026-01-19,3.55,3.47,1.164919977654321,2.224305296651878
hMPV,2026-01-26,3.71,3.79,1.1649186929095228,2.2669046642013746
hMPV,2026-02-02,4.46,3.73,1.1649176651135538,2.246969004039881
hMPV,2026-02-09,3.41,3.94,1.164916842876674,2.2722461580569493
hMPV,2026-02-16,3.6,4.79,1.1649161850870868,2.4041113134402865
hMPV,2026-02-23,3.43,4.02,1.1649156588553502,2.2686987918223194
hMPV,2026-03-02,2.97,3.54,1.1649152378699075,2.1821461425816846
hMPV,2026-03-09,2.88,3.55,1.1649149010815107,2.177594264948822
hMPV,2026-03-16,3.22,4.54,1.164914631650759,2.3361441569968635
hMPV,2026-03-23,2.98,4.99,1.1649144161061302,2.406264090512203
hMPV,2026-03-30,2.94,4.26,1.1649142436704052,2.282020882978475
hMPV,2026-04-06,3.2,4.03,1.164914105721808,2.2413699517637595
hMPV,2026-04-13,2.81,4.16,1.164913995362916,2.261085340154339
hMPV,2026-04-20,2.14,2.95,1.1649139070757912,2.059787006395185
hMPV,2026-04-27,2,3.76,1.1649138364460825,2.1933996317147026
hMPV,2026-05-04,1.95,2.78,1.1649137799423082,2.0313755655549217
hMPV,2026-05-11,1.34,1.69,1.164913734739283,1.8516322723731826
hMPV,2026-05-18,0.78,1.51,1.1649136985768584,1.8228729348322936
hMPV,2026-05-25,1.29,1.09,1.1649136696469151,1.7547185712513544
hMPV,2026-06-01,0.39,1.02,1.1649136465029575,1.7447234854552698
hMPV,2026-06-08,1.04,0.85,1.164913627987789,1.7183513484584434
hMPV,2026-06-15,0.87,1.17,1.1649136131756523,1.7731676888806334
hMPV,2026-06-22,1.07,1.18,1.1649136013259414,1.7767322319378738
hMPV,2026-06-29,0.83,1.17,1.1649135918461715,1.7769815245350458
Influenza,2025-07-07,1.18,1.18,0.18764072777657578,0.4549060177069819
Influenza,2025-07-14,0.6,1.25,-0.05429151491155897,0.6010817150766874
Influenza,2025-07-21,0.88,1.13,-0.24783732563826263,0.8364039926754101
Influenza,2025-07-28,0.54,1.31,-0.40267398748058336,1.2470126605372887
Influenza,2025-08-04,1.02,0.86,-0.5265433275632071,1.4548812141085197
Influenza,2025-08-11,0.97,1.42,-0.6256388081163204,1.8742202801546939
Influenza,2025-08-18,1.13,1.01,-0.7049151993484232,2.0169009851195234
Influenza,2025-08-25,1.63,0.9,-0.7683363177657957,2.2036307505960813
Influenza,2025-09-01,0.99,0.97,-0.8190732168450462,2.408364380255919
Influenza,2025-09-08,1.32,1.14,-0.8596627395847288,2.6145378693623162
Influenza,2025-09-15,1.33,1.31,-0.8921343605575011,2.8001847477126924
Influenza,2025-09-22,2.72,1.39,-0.91811165956054,2.9454608341120956
Influenza,2025-09-29,4.81,1.74,-0.9388935005428279,3.142279573716099
Influenza,2025-10-06,6.66,2.23,-0.9555189747525441,3.360230062462401
Influenza,2025-10-13,7.53,2.11,-0.9688193552594258,3.414233737680896
Influenza,2025-10-20,9.47,3.04,-0.979459660576218,3.7192462354049756
Influenza,2025-10-27,11.95,2.8,-0.9879719055586816,3.723657216579305
Influenza,2025-11-03,12.87,3.07,-0.9947817021278763,3.847050019040238
Influenza,2025-11-10,11.07,4.4,-1.0002295398498111,4.227418708639905
Influenza,2025-11-17,10.5,6.92,-1.004587810400622,4.898023253241244
Influenza,2025-11-24,15.63,10.48,-1.0080744271398818,5.822274625183196
Influenza,2025-12-01,21.44,14.68,-1.0108637207701778,6.9012206261617495
Influenza,2025-12-08,19.79,17.83,-1.0130951558655255,7.714529009572529
Influenza,2025-12-15,17.46,21.43,-1.0148803040946925,8.636315207765504
Influenza,2025-12-22,15.07,26.66,-1.016308422800337,9.96092878596064
Influenza,2025-12-29,14.5,22.9,-1.0174509178627014,9.043680115517692
Influenza,2026-01-05,12.89,17.36,-1.018364913990872,7.680682706373755
Influenza,2026-01-12,11.48,15.26,-1.0190961109560315,7.172364816682687
Influenza,2026-01-19,9.16,13.82,-1.0196810685782578,6.8265862521663845
Influenza,2026-01-26,7.18,13.17,-1.0201490347161177,6.675956727224413
Influenza,2026-02-02,5.26,11.63,-1.0205234076584686,6.302246952048908
Influenza,2026-02-09,3.96,10.28,-1.020822906038,5.974625371395561
Influenza,2026-02-16,3,10.03,-1.0210625047621456,5.919897001651288
Influenza,2026-02-23,2.32,8.76,-1.0212541837578784,5.610176513182503
Influenza,2026-03-02,1.65,6.78,-1.0214075269675975,5.12279279969253
Influenza,2026-03-09,1.52,7.36,-1.0215302015458794,5.272296254774264
Influenza,2026-03-16,1.41,6.45,-1.0216283412169098,5.050058795165429
Influenza,2026-03-23,1.3,6.17,-1.0217068529604585,4.984180227257827
Influenza,2026-03-30,1.02,4.84,-1.0217696623606767,4.65629839519657
Influenza,2026-04-06,1.24,3.77,-1.0218199098851546,4.392750779583741
Influenza,2026-04-13,0.78,3.02,-1.0218601079081797,4.208534361411373
Influenza,2026-04-20,0.95,2.02,-1.0218922663293541,3.9617276955361067
Influenza,2026-04-27,0.56,1.58,-1.021917993068497,3.8541150585283783
Influenza,2026-05-04,1.19,1.58,-1.0219385744615739,3.8558439626937573
Influenza,2026-05-11,1.05,1.27,-1.0219550395774457,3.7801456905380983
Influenza,2026-05-18,0.97,1.18,-1.0219682116712712,3.759052534807552
Influenza,2026-05-25,0.92,0.87,-1.021978749347234,3.6829990513850195
Influenza,2026-06-01,0.41,0.69,-1.0219871794887263,3.639179219598491
Influenza,2026-06-08,0.82,1.09,-1.0219939236024977,3.7396910497334908
Influenza,2026-06-15,0.45,0.84,-1.0219993188939769,3.678198848195965
Influenza,2026-06-22,0.41,0.98,-1.02200363512753,3.7137454914943966
Influenza,2026-06-29,0.34,0.49,-1.0220070881146683,3.592295482791676
Parainfluenza,2025-07-07,2.11,2.63,2.995700126424876,3.079013007951617
Parainfluenza,2025-07-14,3.06,2,2.9166237968328614,2.9534267334530404
Parainfluenza,2025-07-21,2.73,1.91,2.8533583618986897,2.8773997897746
Parainfluenza,2025-07-28,2.86,2.15,2.8027425167012656,2.8407510515053156
Parainfluenza,2025-08-04,2.41,1.67,2.762247042549932,2.7524977179439722
Parainfluenza,2025-08-11,2.36,1.71,2.7298484246794796,2.7108949155996447
Parainfluenza,2025-08-18,1.92,1.59,2.7039277394198646,2.6729654656684163
Parainfluenza,2025-08-25,1.26,1.31,2.6831897583425675,2.624546084407221
Parainfluenza,2025-09-01,1.71,1.3,2.666598227105838,2.609132534712203
Parainfluenza,2025-09-08,1.65,0.91,2.6533240849531707,2.5696363107171636
Parainfluenza,2025-09-15,1.91,0.93,2.6427040374497097,2.570503519782102
Parainfluenza,2025-09-22,1.52,1.22,2.6342074123813166,2.599721084613866
Parainfluenza,2025-09-29,1.4,1.37,2.6274096426416507,2.617021303244589
Parainfluenza,2025-10-06,1.53,1.78,2.621971051075992,2.664268271136235
Parainfluenza,2025-10-13,1.91,2.32,2.6176198771835533,2.7240893843824012
Parainfluenza,2025-10-20,2.56,2.27,2.614138697541053,2.7346226801458857
Parainfluenza,2025-10-27,2.86,2.68,2.611353561390917,2.7852226414164956
Parainfluenza,2025-11-03,1.96,2.96,2.6091252985112625,2.8261657291457967
Parainfluenza,2025-11-10,2.99,2.97,2.607342565031391,2.8437152334127123
Parainfluenza,2025-11-17,3.85,2.83,2.605916279699767,2.8520188369787514
Parainfluenza,2025-11-24,2.67,3,2.6047751725908386,2.8843909428639187
Parainfluenza,2025-12-01,3.11,2.32,2.6038622238244336,2.8416868319355806
Parainfluenza,2025-12-08,3.03,2.84,2.6031318143444135,2.901248640142196
Parainfluenza,2025-12-15,2.85,2.56,2.6025474463840905,2.8931334132700472
Parainfluenza,2025-12-22,2.88,1.87,2.6020799197125544,2.8493586892243252
Parainfluenza,2025-12-29,3.25,1.56,2.601705872530918,2.83749624533646
Parainfluenza,2026-01-05,3.04,1.93,2.601406614108654,2.87725709386416
Parainfluenza,2026-01-12,2.7,1.37,2.6011671908281357,2.8381054359631612
Parainfluenza,2026-01-19,2.55,1.13,2.6009756389686416,2.825952127326111
Parainfluenza,2026-01-26,2.23,0.87,2.6008223868922506,2.8064103382780177
Parainfluenza,2026-02-02,2.49,1.39,2.600699776759516,2.860336715658537
Parainfluenza,2026-02-09,2.39,1.43,2.6006016818755624,2.870863321401303
Parainfluenza,2026-02-16,2.51,1.46,2.6005232005458128,2.8760512276677987
Parainfluenza,2026-02-23,2.71,1.78,2.600460411143643,2.9122863962497125
Parainfluenza,2026-03-02,2.85,1.91,2.6004101761509717,2.928382838983625
Parainfluenza,2026-03-09,3.58,2.06,2.6003699853798947,2.9527892787221264
Parainfluenza,2026-03-16,3.82,2.71,2.6003378305413274,3.001916576818656
Parainfluenza,2026-03-23,3.48,2.97,2.600312104892986,3.0255328022776795
Parainfluenza,2026-03-30,3.83,3.42,2.6002915229522245,3.06616625164561
Parainfluenza,2026-04-06,3.49,4.27,2.6002750562618666,3.1272114588828788
Parainfluenza,2026-04-13,4.13,4.39,2.6002618819993177,3.1366853883563133
Parainfluenza,2026-04-20,4.23,3.81,2.6002513418610187,3.075375920437668
Parainfluenza,2026-04-27,3.93,3.98,2.6002429091677315,3.087007222347369
Parainfluenza,2026-05-04,3.73,4.32,2.6002361625469503,3.109820338534258
Parainfluenza,2026-05-11,3.5,4.03,2.600230764877379,3.0797534026954025
Parainfluenza,2026-05-18,3.43,5.33,2.6002264464433447,3.1835298061104624
Parainfluenza,2026-05-25,3.55,4.57,2.600222991457398,3.118451234517897
Parainfluenza,2026-06-01,4.06,3.42,2.6002202272776525,3.0165471998335964
Parainfluenza,2026-06-08,3.24,3.84,2.600218015781055,3.0430736234867246
Parainfluenza,2026-06-15,2.78,3.4,2.600216246461528,3.00845917328438
Parainfluenza,2026-06-22,2.08,3.07,2.6002148309081,2.9761140760710227
Parainfluenza,2026-06-29,2.32,3.15,2.6002136983871074,2.9821847659434275
Rhinovirus,2025-07-07,10.11,9.1,10.816639428482365,11.816108743618509
Rhinovirus,2025-07-14,9.06,10.19,10.837910080145654,12.26757116688766
Rhinovirus,2025-07-21,9.61,10.06,10.854927007601901,12.699487235022584
Rhinovirus,2025-07-28,8.46,8.11,10.868540874475148,10.645791004957015
Rhinovirus,2025-08-04,9.04,7.3,10.879432227906545,9.74105050559412
Rhinovirus,2025-08-11,7.56,6.15,10.888145518602867,8.772624933055678
Rhinovirus,2025-08-18,7.99,6.67,10.895116317524858,8.539057124408407
Rhinovirus,2025-08-25,6.68,6.16,10.900693089757574,7.187827157803262
Rhinovirus,2025-09-01,7.5,7.07,10.905154614022386,7.698146283626398
Rhinovirus,2025-09-08,9.7,11.61,10.908723918619181,10.988826771202069
Rhinovirus,2025-09-15,14.64,15.62,10.911579430446201,16.161843248370516
Rhinovirus,2025-09-22,16.82,17.26,10.913863894428783,18.817763109340344
Rhinovirus,2025-09-29,20.38,16.52,10.915691509232662,20.252431881838582
Rhinovirus,2025-10-06,19.53,16.89,10.91715363597085,19.973766407481868
Rhinovirus,2025-10-13,18.68,15.86,10.918323365278136,18.396680980109213
Rhinovirus,2025-10-20,16.6,14.76,10.919259171057885,17.38013375086916
Rhinovirus,2025-10-27,15.89,15.25,10.920007833549244,16.047953148480076
Rhinovirus,2025-11-03,14.83,12.75,10.920606777836724,15.25791251445218
Rhinovirus,2025-11-10,16.84,13.76,10.921085944702494,14.771565127368113
Rhinovirus,2025-11-17,17.08,12.25,10.921469287343957,12.939074849623047
Rhinovirus,2025-11-24,15.74,10.65,10.92177596877638,13.322981586310739
Rhinovirus,2025-12-01,14.17,10.34,10.92202131977786,12.202646199476874
Rhinovirus,2025-12-08,13.1,8.81,10.922217605263588,10.32510676131479
Rhinovirus,2025-12-15,14.87,8.44,10.922374637399898,9.897278692243535
Rhinovirus,2025-12-22,14.58,6.73,10.922500266107196,8.278827056031242
Rhinovirus,2025-12-29,12.24,7.37,10.922600771471693,8.537416314004123
Rhinovirus,2026-01-05,13.67,7.12,10.922681177682264,6.969810248439969
Rhinovirus,2026-01-12,11.42,7.19,10.922745504185936,7.504865683930419
Rhinovirus,2026-01-19,13.52,8.95,10.922796966617076,8.73763666519696
Rhinovirus,2026-01-26,12.7,9.06,10.92283813754457,8.877083018460484
Rhinovirus,2026-02-02,12.84,10.41,10.922871075072653,9.633980247632739
Rhinovirus,2026-02-09,14.03,10.3,10.922897425724004,9.412724184215588
Rhinovirus,2026-02-16,11.76,10.13,10.922918506748204,9.384034722142115
Rhinovirus,2026-02-23,11.38,8.43,10.922935371970068,8.812618019577641
Rhinovirus,2026-03-02,11.03,9.62,10.922948864469571,9.329472775951059
Rhinovirus,2026-03-09,11.62,8.26,10.92295965872679,9.397360747908376
Rhinovirus,2026-03-16,13.68,10.47,10.922968294338661,10.999565352601474
Rhinovirus,2026-03-23,13.8,10.37,10.92297520299304,11.405437044138843
Rhinovirus,2026-03-30,12.88,10.89,10.922980730048453,11.23328352062778
Rhinovirus,2026-04-06,13.3,10.56,10.922985151798311,10.136205411161141
Rhinovirus,2026-04-13,13.25,9.6,10.922988689282624,10.075003818620232
Rhinovirus,2026-04-20,11.73,8.98,10.922991519337616,9.951320657555964
Rhinovirus,2026-04-27,9.61,10.51,10.922993783435645,11.42541502937832
Rhinovirus,2026-05-04,12.65,11.58,10.922995594757296,12.158705455654854
Rhinovirus,2026-05-11,11.91,10.9,10.922997043849202,11.315112606905272
Rhinovirus,2026-05-18,13.7,11.07,10.922998203150394,11.054761537041404
Rhinovirus,2026-05-25,11.96,10.76,10.922999130613483,11.02568229729285
Rhinovirus,2026-06-01,9.96,11.91,10.922999872601663,11.239900441801433
Rhinovirus,2026-06-08,8.58,10.02,10.923000466206373,10.056626779770752
Rhinovirus,2026-06-15,10.49,9.51,10.923000941101474,10.112952509507844
Rhinovirus,2026-06-22,11.19,11.17,10.923001321026623,11.258288630572133
Rhinovirus,2026-06-29,10.01,10.79,10.923001624973997,10.691182935608976
RSV,2025-07-07,0.56,1.01,0.19608735484417075,0.7737515308692461
RSV,2025-07-14,0.11,0.37,0.20278325612501824,0.2260938003456518
RSV,2025-07-21,0.3,0.3,0.2081399827067907,0.2501516018747661
RSV,2025-07-28,0.19,0.34,0.21242536841788887,0.5057717882582619
RSV,2025-08-04,0.19,0.54,0.21585368054331525,1.1963004693097579
RSV,2025-08-11,0.45,1.27,0.2185963330888976,1.0884923810586464
RSV,2025-08-18,0.31,0.48,0.22079045740155878,0.563144638938711
RSV,2025-08-25,0.23,0.62,0.22254575867264592,0.7961557790533557
RSV,2025-09-01,0.33,0.34,0.22395000114628366,0.8120519507291362
RSV,2025-09-08,0.57,0.95,0.22507339629060952,1.6043903808536808
RSV,2025-09-15,0.38,0.77,0.22597211333840367,1.0976939172696736
RSV,2025-09-22,0.43,0.65,0.22669108772250654,1.2701691482977373
RSV,2025-09-29,0.6,1.35,0.22726626782648351,2.4489494897074495
RSV,2025-10-06,1.05,2.09,0.22772641238702132,3.1839006376765937
RSV,2025-10-13,1.34,3.22,0.22809452841733693,4.6493969273284605
RSV,2025-10-20,2.47,5,0.22838902154709806,6.814146770217622
RSV,2025-10-27,2.8,6.62,0.2286246162953141,8.4811089435541
RSV,2025-11-03,4.1,9.38,0.22881309228941285,10.421696166459448
RSV,2025-11-10,6.7,11.78,0.22896387324111278,12.663807967201098
RSV,2025-11-17,8.67,13.41,0.22908449812760956,13.702677463519489
RSV,2025-11-24,9.94,15.26,0.22918099813691656,14.490914986935318
RSV,2025-12-01,10.86,12.91,0.2292581982244499,12.398652964308537
RSV,2025-12-08,10.01,11.54,0.22931995835854685,10.740946082170053
RSV,2025-12-15,10.12,9.26,0.22936936651708068,8.901700185828359
RSV,2025-12-22,10.09,7.38,0.2294088930849128,7.021162320781997
RSV,2025-12-29,8.62,5.95,0.22944051437198257,5.490720684298392
RSV,2026-01-05,7.22,4.84,0.22946581142788167,4.484289742183755
RSV,2026-01-12,6.6,4.37,0.2294860490935956,3.6932779001962466
RSV,2026-01-19,5.99,3.91,0.2295022392429625,3.124624166913593
RSV,2026-01-26,4.86,2.5,0.22951519137589263,2.0889242250974114
RSV,2026-02-02,4.63,2.36,0.229525553092986,1.9069827041912197
RSV,2026-02-09,3.62,2.35,0.22953384247526018,1.8217892853649515
RSV,2026-02-16,2.68,1.82,0.22954047398795907,1.478910073284313
RSV,2026-02-23,2.03,1.63,0.22954577920362185,1.2304614152074351
RSV,2026-03-02,1.39,0.83,0.22955002338055497,0.8424651718555594
RSV,2026-03-09,1.08,1.08,0.22955341872562385,1.0007867390412357
RSV,2026-03-16,1.15,1.31,0.22955613500449681,1.105833832185807
RSV,2026-03-23,1.02,0.9,0.2295583080298495,0.7166081276657974
RSV,2026-03-30,1.1,1.19,0.22956004645193512,0.9316540792286669
RSV,2026-04-06,0.62,0.64,0.22956143719104635,0.5731437827774173
RSV,2026-04-13,0.83,0.68,0.22956254978348953,0.5798458554522025
RSV,2026-04-20,0.4,0.31,0.22956343985836747,0.31393340284257354
RSV,2026-04-27,0.42,0.44,0.2295641519190085,0.43978989236634286
RSV,2026-05-04,0.26,0.26,0.22956472156811228,0.3264197894394231
RSV,2026-05-11,0.31,0.19,0.22956517728786807,0.23146641672098536
RSV,2026-05-18,0.34,0.27,0.22956554186405093,0.26569848590110506
RSV,2026-05-25,0.24,0.32,0.22956583352529977,0.3323738986812483
RSV,2026-06-01,0.37,0.16,0.22956606685454092,0.2806325565726619
RSV,2026-06-08,0.41,0.26,0.22956625351812748,0.6054516659012146
RSV,2026-06-15,0.16,0.17,0.22956640284915164,0.18659661979572573
RSV,2026-06-22,0.24,0.18,0.22956652231409488,0.2132636954098632
RSV,2026-06-29,0.15,0.19,0.22956661788614866,0.2232765910975496
