disease,date,observed,model,forecast,error,absolute_error,squared_error,forecast_week
Adenovirus,2025-07-07,2.42,seasonal_naive,1.48,0.94,0.94,0.8835999999999999,1
Adenovirus,2025-07-07,2.42,ETS,2.4119272228654003,0.00807277713459964,0.00807277713459964,6.516973066491477e-5,1
Adenovirus,2025-07-07,2.42,ARIMA,2.366958834603299,0.05304116539670112,0.05304116539670112,0.002813365226640204,1
hMPV,2025-07-07,0.91,seasonal_naive,1.14,-0.22999999999999987,0.22999999999999987,0.05289999999999994,1
hMPV,2025-07-07,0.91,ETS,1.1682345312755427,-0.25823453127554263,0.25823453127554263,0.06668507314309921,1
hMPV,2025-07-07,0.91,ARIMA,1.1825980236064857,-0.27259802360648566,0.27259802360648566,0.07430968247416211,1
Influenza,2025-07-07,1.18,seasonal_naive,1.18,0,0,0,1
Influenza,2025-07-07,1.18,ETS,0.18764072777657578,0.9923592722234241,0.9923592722234241,0.984776925167804,1
Influenza,2025-07-07,1.18,ARIMA,0.4549060177069819,0.725093982293018,0.725093982293018,0.5257612831575476,1
Parainfluenza,2025-07-07,2.11,seasonal_naive,2.63,-0.52,0.52,0.27040000000000003,1
Parainfluenza,2025-07-07,2.11,ETS,2.995700126424876,-0.8857001264248763,0.8857001264248763,0.7844647139490418,1
Parainfluenza,2025-07-07,2.11,ARIMA,3.079013007951617,-0.969013007951617,0.969013007951617,0.9389862095794407,1
Rhinovirus,2025-07-07,10.11,seasonal_naive,9.1,1.0099999999999998,1.0099999999999998,1.0200999999999996,1
Rhinovirus,2025-07-07,10.11,ETS,10.816639428482365,-0.7066394284823652,0.7066394284823652,0.49933928188588367,1
Rhinovirus,2025-07-07,10.11,ARIMA,11.816108743618509,-1.7061087436185094,1.7061087436185094,2.9108070450515284,1
RSV,2025-07-07,0.56,seasonal_naive,1.01,-0.44999999999999996,0.44999999999999996,0.20249999999999996,1
RSV,2025-07-07,0.56,ETS,0.19608735484417075,0.36391264515582933,0.36391264515582933,0.13243241330431255,1
RSV,2025-07-07,0.56,ARIMA,0.7737515308692461,-0.21375153086924603,0.21375153086924603,0.04568971694894624,1
Adenovirus,2025-07-14,2.31,seasonal_naive,1.75,0.56,0.56,0.31360000000000005,2
Adenovirus,2025-07-14,2.31,ETS,2.4467058762974716,-0.13670587629747155,0.13670587629747155,0.018688496614259593,2
Adenovirus,2025-07-14,2.31,ARIMA,2.3643645236629895,-0.054364523662989495,0.054364523662989495,0.002955501433103745,2
hMPV,2025-07-14,0.85,seasonal_naive,1.73,-0.88,0.88,0.7744,2
hMPV,2025-07-14,0.85,ETS,1.1675703361431056,-0.3175703361431056,0.3175703361431056,0.10085091839804508,2
hMPV,2025-07-14,0.85,ARIMA,1.3176949065382937,-0.4676949065382937,0.4676949065382937,0.2187385256018633,2
Influenza,2025-07-14,0.6,seasonal_naive,1.25,-0.65,0.65,0.42250000000000004,2
Influenza,2025-07-14,0.6,ETS,-0.05429151491155897,0.6542915149115589,0.6542915149115589,0.4280973864852627,2
Influenza,2025-07-14,0.6,ARIMA,0.6010817150766874,-0.0010817150766874173,0.0010817150766874173,1.170107507132865e-6,2
Parainfluenza,2025-07-14,3.06,seasonal_naive,2,1.06,1.06,1.1236000000000002,2
Parainfluenza,2025-07-14,3.06,ETS,2.9166237968328614,0.14337620316713862,0.14337620316713862,0.02055673563462461,2
Parainfluenza,2025-07-14,3.06,ARIMA,2.9534267334530404,0.10657326654695964,0.10657326654695964,0.011357861142489307,2
Rhinovirus,2025-07-14,9.06,seasonal_naive,10.19,-1.129999999999999,1.129999999999999,1.2768999999999977,2
Rhinovirus,2025-07-14,9.06,ETS,10.837910080145654,-1.777910080145654,1.777910080145654,3.160964253083526,2
Rhinovirus,2025-07-14,9.06,ARIMA,12.26757116688766,-3.207571166887659,3.207571166887659,10.288512790649058,2
RSV,2025-07-14,0.11,seasonal_naive,0.37,-0.26,0.26,0.06760000000000001,2
RSV,2025-07-14,0.11,ETS,0.20278325612501824,-0.09278325612501824,0.09278325612501824,0.008608732617160735,2
RSV,2025-07-14,0.11,ARIMA,0.2260938003456518,-0.1160938003456518,0.1160938003456518,0.01347777047869606,2
Adenovirus,2025-07-21,2.02,seasonal_naive,1.88,0.14000000000000012,0.14000000000000012,0.019600000000000034,3
Adenovirus,2025-07-21,2.02,ETS,2.481484529729543,-0.4614845297295429,0.4614845297295429,0.21296797117969737,3
Adenovirus,2025-07-21,2.02,ARIMA,2.3953517093728225,-0.3753517093728225,0.3753517093728225,0.1408889057290998,3
hMPV,2025-07-21,0.72,seasonal_naive,0.91,-0.19000000000000006,0.19000000000000006,0.03610000000000002,3
hMPV,2025-07-21,0.72,ETS,1.1670389799697043,-0.4470389799697043,0.4470389799697043,0.1998438496123537,3
hMPV,2025-07-21,0.72,ARIMA,1.2274634400468667,-0.5074634400468667,0.5074634400468667,0.25751914298419987,3
Influenza,2025-07-21,0.88,seasonal_naive,1.13,-0.2499999999999999,0.2499999999999999,0.062499999999999944,3
Influenza,2025-07-21,0.88,ETS,-0.24783732563826263,1.1278373256382626,1.1278373256382626,1.2720170331028684,3
Influenza,2025-07-21,0.88,ARIMA,0.8364039926754101,0.0435960073245899,0.0435960073245899,0.0019006118546456964,3
Parainfluenza,2025-07-21,2.73,seasonal_naive,1.91,0.8200000000000001,0.8200000000000001,0.6724000000000001,3
Parainfluenza,2025-07-21,2.73,ETS,2.8533583618986897,-0.12335836189868976,0.12335836189868976,0.015217285450328114,3
Parainfluenza,2025-07-21,2.73,ARIMA,2.8773997897746,-0.1473997897746,0.1473997897746,0.021726698025596274,3
Rhinovirus,2025-07-21,9.61,seasonal_naive,10.06,-0.45000000000000107,0.45000000000000107,0.20250000000000096,3
Rhinovirus,2025-07-21,9.61,ETS,10.854927007601901,-1.244927007601902,1.244927007601902,1.5498432542566258,3
Rhinovirus,2025-07-21,9.61,ARIMA,12.699487235022584,-3.0894872350225846,3.0894872350225846,9.544931375367495,3
RSV,2025-07-21,0.3,seasonal_naive,0.3,0,0,0,3
RSV,2025-07-21,0.3,ETS,0.2081399827067907,0.09186001729320928,0.09186001729320928,0.008438262777108707,3
RSV,2025-07-21,0.3,ARIMA,0.2501516018747661,0.049848398125233895,0.049848398125233895,0.002484862795651822,3
Adenovirus,2025-07-28,1.84,seasonal_naive,1.56,0.28,0.28,0.07840000000000001,4
Adenovirus,2025-07-28,1.84,ETS,2.5162631831616142,-0.6762631831616142,0.6762631831616142,0.4573318928998789,4
Adenovirus,2025-07-28,1.84,ARIMA,2.3439619567875387,-0.5039619567875386,0.5039619567875386,0.25397765388912497,4
hMPV,2025-07-28,0.47,seasonal_naive,0.89,-0.42000000000000004,0.42000000000000004,0.17640000000000003,4
hMPV,2025-07-28,0.47,ETS,1.166613894977022,-0.696613894977022,0.696613894977022,0.4852709186750574,4
hMPV,2025-07-28,0.47,ARIMA,1.275402614876807,-0.805402614876807,0.805402614876807,0.6486733720503982,4
Influenza,2025-07-28,0.54,seasonal_naive,1.31,-0.77,0.77,0.5929,4
Influenza,2025-07-28,0.54,ETS,-0.40267398748058336,0.9426739874805834,0.9426739874805834,0.8886342466725431,4
Influenza,2025-07-28,0.54,ARIMA,1.2470126605372887,-0.7070126605372886,0.7070126605372886,0.49986690216001534,4
Parainfluenza,2025-07-28,2.86,seasonal_naive,2.15,0.71,0.71,0.5041,4
Parainfluenza,2025-07-28,2.86,ETS,2.8027425167012656,0.05725748329873426,0.05725748329873426,0.0032784193937048325,4
Parainfluenza,2025-07-28,2.86,ARIMA,2.8407510515053156,0.01924894849468428,0.01924894849468428,3.705220181510083e-4,4
Rhinovirus,2025-07-28,8.46,seasonal_naive,8.11,0.3500000000000014,0.3500000000000014,0.122500000000001,4
Rhinovirus,2025-07-28,8.46,ETS,10.868540874475148,-2.408540874475147,2.408540874475147,5.8010691440175055,4
Rhinovirus,2025-07-28,8.46,ARIMA,10.645791004957015,-2.1857910049570144,2.1857910049570144,4.777682317350995,4
RSV,2025-07-28,0.19,seasonal_naive,0.34,-0.15000000000000002,0.15000000000000002,0.022500000000000006,4
RSV,2025-07-28,0.19,ETS,0.21242536841788887,-0.022425368417888863,0.022425368417888863,5.028971486780473e-4,4
RSV,2025-07-28,0.19,ARIMA,0.5057717882582619,-0.31577178825826185,0.31577178825826185,0.09971182225982056,4
Adenovirus,2025-08-04,1.62,seasonal_naive,1.54,0.08000000000000007,0.08000000000000007,0.006400000000000012,5
Adenovirus,2025-08-04,1.62,ETS,2.551041836593686,-0.9310418365936859,0.9310418365936859,0.8668389014877437,5
Adenovirus,2025-08-04,1.62,ARIMA,2.3483795430822743,-0.7283795430822742,0.7283795430822742,0.5305367587807425,5
hMPV,2025-08-04,0.56,seasonal_naive,1.05,-0.49,0.49,0.24009999999999998,5
hMPV,2025-08-04,0.56,ETS,1.166273826939707,-0.606273826939707,0.606273826939707,0.36756795323211777,5
hMPV,2025-08-04,0.56,ARIMA,1.3568865825265939,-0.7968865825265938,0.7968865825265938,0.6350282254109139,5
Influenza,2025-08-04,1.02,seasonal_naive,0.86,0.16000000000000003,0.16000000000000003,0.02560000000000001,5
Influenza,2025-08-04,1.02,ETS,-0.5265433275632071,1.546543327563207,1.546543327563207,2.391796264030277,5
Influenza,2025-08-04,1.02,ARIMA,1.4548812141085197,-0.43488121410851965,0.43488121410851965,0.18912167038450012,5
Parainfluenza,2025-08-04,2.41,seasonal_naive,1.67,0.7400000000000002,0.7400000000000002,0.5476000000000003,5
Parainfluenza,2025-08-04,2.41,ETS,2.762247042549932,-0.3522470425499318,0.3522470425499318,0.12407797898517345,5
Parainfluenza,2025-08-04,2.41,ARIMA,2.7524977179439722,-0.3424977179439721,0.3424977179439721,0.11730468679682866,5
Rhinovirus,2025-08-04,9.04,seasonal_naive,7.3,1.7399999999999993,1.7399999999999993,3.027599999999998,5
Rhinovirus,2025-08-04,9.04,ETS,10.879432227906545,-1.8394322279065456,1.8394322279065456,3.3835109210612377,5
Rhinovirus,2025-08-04,9.04,ARIMA,9.74105050559412,-0.7010505055941216,0.7010505055941216,0.49147181139377355,5
RSV,2025-08-04,0.19,seasonal_naive,0.54,-0.35000000000000003,0.35000000000000003,0.12250000000000003,5
RSV,2025-08-04,0.19,ETS,0.21585368054331525,-0.025853680543315244,0.025853680543315244,6.684127976357972e-4,5
RSV,2025-08-04,0.19,ARIMA,1.1963004693097579,-1.006300469309758,1.006300469309758,1.012640634533039,5
Adenovirus,2025-08-11,1.74,seasonal_naive,1.54,0.19999999999999996,0.19999999999999996,0.03999999999999998,6
Adenovirus,2025-08-11,1.74,ETS,2.5858204900257573,-0.8458204900257573,0.8458204900257573,0.7154123013474123,6
Adenovirus,2025-08-11,1.74,ARIMA,2.3419691601250596,-0.6019691601250596,0.6019691601250596,0.3623668697416697,6
hMPV,2025-08-11,0.69,seasonal_naive,1.53,-0.8400000000000001,0.8400000000000001,0.7056000000000001,6
hMPV,2025-08-11,0.69,ETS,1.1660017724753202,-0.4760017724753203,0.4760017724753203,0.22657768739964657,6
hMPV,2025-08-11,0.69,ARIMA,1.493249433794553,-0.803249433794553,0.803249433794553,0.6452096528912701,6
Influenza,2025-08-11,0.97,seasonal_naive,1.42,-0.44999999999999996,0.44999999999999996,0.20249999999999996,6
Influenza,2025-08-11,0.97,ETS,-0.6256388081163204,1.5956388081163204,1.5956388081163204,2.5460632059668717,6
Influenza,2025-08-11,0.97,ARIMA,1.8742202801546939,-0.9042202801546939,0.9042202801546939,0.8176143150430332,6
Parainfluenza,2025-08-11,2.36,seasonal_naive,1.71,0.6499999999999999,0.6499999999999999,0.4224999999999999,6
Parainfluenza,2025-08-11,2.36,ETS,2.7298484246794796,-0.36984842467947976,0.36984842467947976,0.1367878572378928,6
Parainfluenza,2025-08-11,2.36,ARIMA,2.7108949155996447,-0.3508949155996448,0.3508949155996448,0.12312724179368185,6
Rhinovirus,2025-08-11,7.56,seasonal_naive,6.15,1.4099999999999993,1.4099999999999993,1.988099999999998,6
Rhinovirus,2025-08-11,7.56,ETS,10.888145518602867,-3.3281455186028674,3.3281455186028674,11.07655259299635,6
Rhinovirus,2025-08-11,7.56,ARIMA,8.772624933055678,-1.212624933055678,1.212624933055678,1.4704592282682876,6
RSV,2025-08-11,0.45,seasonal_naive,1.27,-0.8200000000000001,0.8200000000000001,0.6724000000000001,6
RSV,2025-08-11,0.45,ETS,0.2185963330888976,0.23140366691110242,0.23140366691110242,0.05354765705990444,6
RSV,2025-08-11,0.45,ARIMA,1.0884923810586464,-0.6384923810586465,0.6384923810586465,0.4076725206699398,6
Adenovirus,2025-08-18,1.24,seasonal_naive,1.6,-0.3600000000000001,0.3600000000000001,0.12960000000000008,7
Adenovirus,2025-08-18,1.24,ETS,2.6205991434578286,-1.3805991434578286,1.3805991434578286,1.90605399491649,7
Adenovirus,2025-08-18,1.24,ARIMA,2.3498043321728543,-1.1098043321728543,1.1098043321728543,1.2316656557096353,7
hMPV,2025-08-18,0.66,seasonal_naive,1.16,-0.4999999999999999,0.4999999999999999,0.2499999999999999,7
hMPV,2025-08-18,0.66,ETS,1.1657841288761823,-0.5057841288761823,0.5057841288761823,0.2558175850230386,7
hMPV,2025-08-18,0.66,ARIMA,1.4892639245921422,-0.8292639245921422,0.8292639245921422,0.6876786566299621,7
Influenza,2025-08-18,1.13,seasonal_naive,1.01,0.11999999999999988,0.11999999999999988,0.014399999999999972,7
Influenza,2025-08-18,1.13,ETS,-0.7049151993484232,1.8349151993484232,1.8349151993484232,3.3669137887998635,7
Influenza,2025-08-18,1.13,ARIMA,2.0169009851195234,-0.8869009851195235,0.8869009851195235,0.7865933574059814,7
Parainfluenza,2025-08-18,1.92,seasonal_naive,1.59,0.32999999999999985,0.32999999999999985,0.1088999999999999,7
Parainfluenza,2025-08-18,1.92,ETS,2.7039277394198646,-0.7839277394198647,0.7839277394198647,0.6145427006319393,7
Parainfluenza,2025-08-18,1.92,ARIMA,2.6729654656684163,-0.7529654656684164,0.7529654656684164,0.5669569924892551,7
Rhinovirus,2025-08-18,7.99,seasonal_naive,6.67,1.3200000000000003,1.3200000000000003,1.7424000000000008,7
Rhinovirus,2025-08-18,7.99,ETS,10.895116317524858,-2.9051163175248575,2.9051163175248575,8.43970081834919,7
Rhinovirus,2025-08-18,7.99,ARIMA,8.539057124408407,-0.5490571244084066,0.5490571244084066,0.30146372586362846,7
RSV,2025-08-18,0.31,seasonal_naive,0.48,-0.16999999999999998,0.16999999999999998,0.028899999999999995,7
RSV,2025-08-18,0.31,ETS,0.22079045740155878,0.08920954259844122,0.08920954259844122,0.007958342490623098,7
RSV,2025-08-18,0.31,ARIMA,0.563144638938711,-0.25314463893871103,0.25314463893871103,0.06408220822341038,7
Adenovirus,2025-08-25,1.32,seasonal_naive,1.54,-0.21999999999999997,0.21999999999999997,0.04839999999999999,8
Adenovirus,2025-08-25,1.32,ETS,2.6553777968899,-1.3353777968898999,1.3353777968898999,1.7832338604265228,8
Adenovirus,2025-08-25,1.32,ARIMA,2.341419415976022,-1.0214194159760221,1.0214194159760221,1.0432976233327982,8
hMPV,2025-08-25,0.5,seasonal_naive,0.8,-0.30000000000000004,0.30000000000000004,0.09000000000000002,8
hMPV,2025-08-25,0.5,ETS,1.1656100139747696,-0.6656100139747696,0.6656100139747696,0.443036690703493,8
hMPV,2025-08-25,0.5,ARIMA,1.4858418625036347,-0.9858418625036347,0.9858418625036347,0.9718841778646354,8
Influenza,2025-08-25,1.63,seasonal_naive,0.9,0.7299999999999999,0.7299999999999999,0.5328999999999998,8
Influenza,2025-08-25,1.63,ETS,-0.7683363177657957,2.3983363177657955,2.3983363177657955,5.752017093114395,8
Influenza,2025-08-25,1.63,ARIMA,2.2036307505960813,-0.5736307505960814,0.5736307505960814,0.32905223802942374,8
Parainfluenza,2025-08-25,1.26,seasonal_naive,1.31,-0.050000000000000044,0.050000000000000044,0.0025000000000000044,8
Parainfluenza,2025-08-25,1.26,ETS,2.6831897583425675,-1.4231897583425674,1.4231897583425674,2.0254690882511754,8
Parainfluenza,2025-08-25,1.26,ARIMA,2.624546084407221,-1.3645460844072208,1.3645460844072208,1.8619860164710782,8
Rhinovirus,2025-08-25,6.68,seasonal_naive,6.16,0.5199999999999996,0.5199999999999996,0.27039999999999953,8
Rhinovirus,2025-08-25,6.68,ETS,10.900693089757574,-4.2206930897575745,4.2206930897575745,17.81425015792734,8
Rhinovirus,2025-08-25,6.68,ARIMA,7.187827157803262,-0.5078271578032627,0.5078271578032627,0.2578884222025399,8
RSV,2025-08-25,0.23,seasonal_naive,0.62,-0.39,0.39,0.1521,8
RSV,2025-08-25,0.23,ETS,0.22254575867264592,0.007454241327354089,0.007454241327354089,5.556571376643365e-5,8
RSV,2025-08-25,0.23,ARIMA,0.7961557790533557,-0.5661557790533557,0.5661557790533557,0.3205323661555121,8
Adenovirus,2025-09-01,1.47,seasonal_naive,1.17,0.30000000000000004,0.30000000000000004,0.09000000000000002,9
Adenovirus,2025-09-01,1.47,ETS,2.6901564503219713,-1.2201564503219713,1.2201564503219713,1.4887817632623133,9
Adenovirus,2025-09-01,1.47,ARIMA,2.2802700148976247,-0.8102700148976247,0.8102700148976247,0.656537497042197,9
hMPV,2025-09-01,1.02,seasonal_naive,0.57,0.45000000000000007,0.45000000000000007,0.20250000000000007,9
hMPV,2025-09-01,1.02,ETS,1.1654707220359575,-0.14547072203595746,0.14547072203595746,0.021161730969662798,9
hMPV,2025-09-01,1.02,ARIMA,1.5016655176562037,-0.4816655176562037,0.4816655176562037,0.23200167089901866,9
Influenza,2025-09-01,0.99,seasonal_naive,0.97,0.020000000000000018,0.020000000000000018,4.000000000000007e-4,9
Influenza,2025-09-01,0.99,ETS,-0.8190732168450462,1.809073216845046,1.809073216845046,3.272745903906083,9
Influenza,2025-09-01,0.99,ARIMA,2.408364380255919,-1.418364380255919,1.418364380255919,2.011757515178757,9
Parainfluenza,2025-09-01,1.71,seasonal_naive,1.3,0.4099999999999999,0.4099999999999999,0.16809999999999994,9
Parainfluenza,2025-09-01,1.71,ETS,2.666598227105838,-0.9565982271058382,0.9565982271058382,0.9150801681020327,9
Parainfluenza,2025-09-01,1.71,ARIMA,2.609132534712203,-0.8991325347122032,0.8991325347122032,0.8084393149779914,9
Rhinovirus,2025-09-01,7.5,seasonal_naive,7.07,0.4299999999999997,0.4299999999999997,0.18489999999999976,9
Rhinovirus,2025-09-01,7.5,ETS,10.905154614022386,-3.4051546140223863,3.4051546140223863,11.595077945397946,9
Rhinovirus,2025-09-01,7.5,ARIMA,7.698146283626398,-0.1981462836263983,0.1981462836263983,0.03926194971495308,9
RSV,2025-09-01,0.33,seasonal_naive,0.34,-0.010000000000000009,0.010000000000000009,1.0000000000000018e-4,9
RSV,2025-09-01,0.33,ETS,0.22395000114628366,0.10604999885371635,0.10604999885371635,0.01124660225687324,9
RSV,2025-09-01,0.33,ARIMA,0.8120519507291362,-0.48205195072913615,0.48205195072913615,0.2323740832017655,9
Adenovirus,2025-09-08,1.17,seasonal_naive,1.07,0.09999999999999987,0.09999999999999987,0.009999999999999974,10
Adenovirus,2025-09-08,1.17,ETS,2.7249351037540426,-1.5549351037540426,1.5549351037540426,2.4178231768865954,10
Adenovirus,2025-09-08,1.17,ARIMA,2.2806579068967974,-1.1106579068967974,1.1106579068967974,1.233560986152375,10
hMPV,2025-09-08,0.48,seasonal_naive,0.76,-0.28,0.28,0.07840000000000001,10
hMPV,2025-09-08,0.48,ETS,1.165359288470762,-0.685359288470762,0.685359288470762,0.46971735429314915,10
hMPV,2025-09-08,0.48,ARIMA,1.5837677075336587,-1.1037677075336587,1.1037677075336587,1.2183031521941083,10
Influenza,2025-09-08,1.32,seasonal_naive,1.14,0.18000000000000016,0.18000000000000016,0.03240000000000006,10
Influenza,2025-09-08,1.32,ETS,-0.8596627395847288,2.179662739584729,2.179662739584729,4.750929658334006,10
Influenza,2025-09-08,1.32,ARIMA,2.6145378693623162,-1.2945378693623162,1.2945378693623162,1.6758282952131252,10
Parainfluenza,2025-09-08,1.65,seasonal_naive,0.91,0.7399999999999999,0.7399999999999999,0.5475999999999999,10
Parainfluenza,2025-09-08,1.65,ETS,2.6533240849531707,-1.0033240849531708,1.0033240849531708,1.0066592194471176,10
Parainfluenza,2025-09-08,1.65,ARIMA,2.5696363107171636,-0.9196363107171637,0.9196363107171637,0.8457309439894756,10
Rhinovirus,2025-09-08,9.7,seasonal_naive,11.61,-1.9100000000000001,1.9100000000000001,3.6481000000000003,10
Rhinovirus,2025-09-08,9.7,ETS,10.908723918619181,-1.2087239186191816,1.2087239186191816,1.46101351144211,10
Rhinovirus,2025-09-08,9.7,ARIMA,10.988826771202069,-1.2888267712020696,1.2888267712020696,1.6610744461671518,10
RSV,2025-09-08,0.57,seasonal_naive,0.95,-0.38,0.38,0.1444,10
RSV,2025-09-08,0.57,ETS,0.22507339629060952,0.34492660370939043,0.34492660370939043,0.11897436194649487,10
RSV,2025-09-08,0.57,ARIMA,1.6043903808536808,-1.0343903808536807,1.0343903808536807,1.0699634600026227,10
Adenovirus,2025-09-15,1.33,seasonal_naive,1.43,-0.09999999999999987,0.09999999999999987,0.009999999999999974,11
Adenovirus,2025-09-15,1.33,ETS,2.759713757186114,-1.4297137571861138,1.4297137571861138,2.044081427487234,11
Adenovirus,2025-09-15,1.33,ARIMA,2.313331936561992,-0.9833319365619921,0.9833319365619921,0.9669416974627577,11
hMPV,2025-09-15,0.44,seasonal_naive,0.8,-0.36000000000000004,0.36000000000000004,0.12960000000000002,11
hMPV,2025-09-15,0.44,ETS,1.1652701416072893,-0.7252701416072893,0.7252701416072893,0.5260167783070575,11
hMPV,2025-09-15,0.44,ARIMA,1.637082431497008,-1.197082431497008,1.197082431497008,1.433006347798789,11
Influenza,2025-09-15,1.33,seasonal_naive,1.31,0.020000000000000018,0.020000000000000018,4.000000000000007e-4,11
Influenza,2025-09-15,1.33,ETS,-0.8921343605575011,2.2221343605575012,2.2221343605575012,4.937881116370295,11
Influenza,2025-09-15,1.33,ARIMA,2.8001847477126924,-1.4701847477126924,1.4701847477126924,2.1614431924070328,11
Parainfluenza,2025-09-15,1.91,seasonal_naive,0.93,0.9799999999999999,0.9799999999999999,0.9603999999999997,11
Parainfluenza,2025-09-15,1.91,ETS,2.6427040374497097,-0.7327040374497098,0.7327040374497098,0.5368552064951058,11
Parainfluenza,2025-09-15,1.91,ARIMA,2.570503519782102,-0.6605035197821019,0.6605035197821019,0.43626489964454546,11
Rhinovirus,2025-09-15,14.64,seasonal_naive,15.62,-0.97999999999999865,0.97999999999999865,0.9603999999999974,11
Rhinovirus,2025-09-15,14.64,ETS,10.911579430446201,3.7284205695537995,3.7284205695537995,13.901119943471878,11
Rhinovirus,2025-09-15,14.64,ARIMA,16.161843248370516,-1.5218432483705158,1.5218432483705158,2.3160068726109233,11
RSV,2025-09-15,0.38,seasonal_naive,0.77,-0.39,0.39,0.1521,11
RSV,2025-09-15,0.38,ETS,0.22597211333840367,0.15402788666159634,0.15402788666159634,0.023724589869437568,11
RSV,2025-09-15,0.38,ARIMA,1.0976939172696736,-0.7176939172696736,0.7176939172696736,0.5150845588858891,11
Adenovirus,2025-09-22,2.82,seasonal_naive,1.7,1.1199999999999999,1.1199999999999999,1.2543999999999997,12
Adenovirus,2025-09-22,2.82,ETS,2.7944924106181857,0.02550758938181419,0.02550758938181419,6.506371160712399e-4,12
Adenovirus,2025-09-22,2.82,ARIMA,2.348827896142683,0.47117210385731667,0.47117210385731667,0.22200315145333,12
hMPV,2025-09-22,0.35,seasonal_naive,0.6,-0.25,0.25,0.0625,12
hMPV,2025-09-22,0.35,ETS,1.1651988241074578,-0.8151988241074578,0.8151988241074578,0.664549122826182,12
hMPV,2025-09-22,0.35,ARIMA,1.6461714442349218,-1.296171444234922,1.296171444234922,1.6800604128500434,12
Influenza,2025-09-22,2.72,seasonal_naive,1.39,1.3300000000000003,1.3300000000000003,1.7689000000000008,12
Influenza,2025-09-22,2.72,ETS,-0.91811165956054,3.6381116595605403,3.6381116595605403,13.235856447430349,12
Influenza,2025-09-22,2.72,ARIMA,2.9454608341120956,-0.2254608341120954,0.2254608341120954,0.050832587718521796,12
Parainfluenza,2025-09-22,1.52,seasonal_naive,1.22,0.30000000000000004,0.30000000000000004,0.09000000000000002,12
Parainfluenza,2025-09-22,1.52,ETS,2.6342074123813166,-1.1142074123813166,1.1142074123813166,1.2414581578054693,12
Parainfluenza,2025-09-22,1.52,ARIMA,2.599721084613866,-1.0797210846138658,1.0797210846138658,1.165797620559743,12
Rhinovirus,2025-09-22,16.82,seasonal_naive,17.26,-0.4400000000000013,0.4400000000000013,0.19360000000000113,12
Rhinovirus,2025-09-22,16.82,ETS,10.913863894428783,5.906136105571218,5.906136105571218,34.88244369753195,12
Rhinovirus,2025-09-22,16.82,ARIMA,18.817763109340344,-1.9977631093403438,1.9977631093403438,3.9910574410411988,12
RSV,2025-09-22,0.43,seasonal_naive,0.65,-0.22000000000000003,0.22000000000000003,0.04840000000000001,12
RSV,2025-09-22,0.43,ETS,0.22669108772250654,0.20330891227749345,0.20330891227749345,0.04133451381145753,12
RSV,2025-09-22,0.43,ARIMA,1.2701691482977373,-0.8401691482977374,0.8401691482977374,0.7058841977513454,12
Adenovirus,2025-09-29,2.19,seasonal_naive,1.47,0.72,0.72,0.5184,13
Adenovirus,2025-09-29,2.19,ETS,2.829271064050257,-0.639271064050257,0.639271064050257,0.4086674933319478,13
Adenovirus,2025-09-29,2.19,ARIMA,2.3295101818250123,-0.1395101818250124,0.1395101818250124,0.019463090832848022,13
hMPV,2025-09-29,0.76,seasonal_naive,0.34,0.42,0.42,0.17639999999999997,13
hMPV,2025-09-29,0.76,ETS,1.1651417701003501,-0.40514177010035013,0.40514177010035013,0.16413985388004496,13
hMPV,2025-09-29,0.76,ARIMA,1.6404589728150603,-0.8804589728150602,0.8804589728150602,0.775208002810551,13
Influenza,2025-09-29,4.81,seasonal_naive,1.74,3.0699999999999994,3.0699999999999994,9.424899999999996,13
Influenza,2025-09-29,4.81,ETS,-0.9388935005428279,5.748893500542827,5.748893500542827,33.04977648058357,13
Influenza,2025-09-29,4.81,ARIMA,3.142279573716099,1.6677204262839007,1.6677204262839007,2.7812914202445556,13
Parainfluenza,2025-09-29,1.4,seasonal_naive,1.37,0.029999999999999805,0.029999999999999805,8.999999999999883e-4,13
Parainfluenza,2025-09-29,1.4,ETS,2.6274096426416507,-1.2274096426416508,1.2274096426416508,1.5065344308497048,13
Parainfluenza,2025-09-29,1.4,ARIMA,2.617021303244589,-1.217021303244589,1.217021303244589,1.4811408525511576,13
Rhinovirus,2025-09-29,20.38,seasonal_naive,16.52,3.8599999999999994,3.8599999999999994,14.899599999999996,13
Rhinovirus,2025-09-29,20.38,ETS,10.915691509232662,9.464308490767337,9.464308490767337,89.5731352084107,13
Rhinovirus,2025-09-29,20.38,ARIMA,20.252431881838582,0.12756811816141678,0.12756811816141678,0.016273624771245193,13
RSV,2025-09-29,0.6,seasonal_naive,1.35,-0.7500000000000001,0.7500000000000001,0.5625000000000002,13
RSV,2025-09-29,0.6,ETS,0.22726626782648351,0.37273373217351646,0.37273373217351646,0.1389304350999987,13
RSV,2025-09-29,0.6,ARIMA,2.4489494897074495,-1.8489494897074494,1.8489494897074494,3.4186142154894377,13
Adenovirus,2025-10-06,1.47,seasonal_naive,1.76,-0.29000000000000004,0.29000000000000004,0.08410000000000002,14
Adenovirus,2025-10-06,1.47,ETS,2.8640497174823283,-1.3940497174823283,1.3940497174823283,1.9433746148125595,14
Adenovirus,2025-10-06,1.47,ARIMA,2.361141849721383,-0.891141849721383,0.891141849721383,0.7941337963248479,14
hMPV,2025-10-06,0.11,seasonal_naive,1.06,-0.9500000000000001,0.9500000000000001,0.9025000000000001,14
hMPV,2025-10-06,0.11,ETS,1.1650961268888698,-1.0550961268888697,1.0550961268888697,1.1132278369758937,14
hMPV,2025-10-06,0.11,ARIMA,1.7918455784741079,-1.6818455784741078,1.6818455784741078,2.828604549832906,14
Influenza,2025-10-06,6.66,seasonal_naive,2.23,4.43,4.43,19.624899999999997,14
Influenza,2025-10-06,6.66,ETS,-0.9555189747525441,7.615518974752544,7.615518974752544,57.99612925481604,14
Influenza,2025-10-06,6.66,ARIMA,3.360230062462401,3.299769937537599,3.299769937537599,10.88848164067689,14
Parainfluenza,2025-10-06,1.53,seasonal_naive,1.78,-0.25,0.25,0.0625,14
Parainfluenza,2025-10-06,1.53,ETS,2.621971051075992,-1.0919710510759921,1.0919710510759921,1.192400776388007,14
Parainfluenza,2025-10-06,1.53,ARIMA,2.664268271136235,-1.134268271136235,1.134268271136235,1.2865645109063837,14
Rhinovirus,2025-10-06,19.53,seasonal_naive,16.89,2.6400000000000006,2.6400000000000006,6.969600000000003,14
Rhinovirus,2025-10-06,19.53,ETS,10.91715363597085,8.612846364029151,8.612846364029151,74.18112249037017,14
Rhinovirus,2025-10-06,19.53,ARIMA,19.973766407481868,-0.443766407481867,0.443766407481867,0.19692862440936243,14
RSV,2025-10-06,1.05,seasonal_naive,2.09,-1.0399999999999998,1.0399999999999998,1.0815999999999997,14
RSV,2025-10-06,1.05,ETS,0.22772641238702132,0.8222735876129788,0.8222735876129788,0.6761338528859191,14
RSV,2025-10-06,1.05,ARIMA,3.1839006376765937,-2.133900637676594,2.133900637676594,4.553531931476574,14
Adenovirus,2025-10-13,1.7,seasonal_naive,1.62,0.07999999999999985,0.07999999999999985,0.006399999999999976,15
Adenovirus,2025-10-13,1.7,ETS,2.8988283709143996,-1.1988283709143996,1.1988283709143996,1.4371894629092734,15
Adenovirus,2025-10-13,1.7,ARIMA,2.343335666511611,-0.643335666511611,0.643335666511611,0.4138807798059388,15
hMPV,2025-10-13,0.81,seasonal_naive,1.58,-0.77,0.77,0.5929,15
hMPV,2025-10-13,0.81,ETS,1.1650596123150505,-0.35505961231505045,0.35505961231505045,0.12606732829731393,15
hMPV,2025-10-13,0.81,ARIMA,1.9050210845693216,-1.0950210845693216,1.0950210845693216,1.1990711756513732,15
Influenza,2025-10-13,7.53,seasonal_naive,2.11,5.42,5.42,29.3764,15
Influenza,2025-10-13,7.53,ETS,-0.9688193552594258,8.498819355259426,8.498819355259426,72.22993043333226,15
Influenza,2025-10-13,7.53,ARIMA,3.414233737680896,4.115766262319104,4.115766262319104,16.939531926044168,15
Parainfluenza,2025-10-13,1.91,seasonal_naive,2.32,-0.4099999999999999,0.4099999999999999,0.16809999999999994,15
Parainfluenza,2025-10-13,1.91,ETS,2.6176198771835533,-0.7076198771835533,0.7076198771835533,0.5007258905852672,15
Parainfluenza,2025-10-13,1.91,ARIMA,2.7240893843824012,-0.8140893843824013,0.8140893843824013,0.6627415257641172,15
Rhinovirus,2025-10-13,18.68,seasonal_naive,15.86,2.8200000000000003,2.8200000000000003,7.952400000000002,15
Rhinovirus,2025-10-13,18.68,ETS,10.918323365278136,7.761676634721864,7.761676634721864,60.24362418198732,15
Rhinovirus,2025-10-13,18.68,ARIMA,18.396680980109213,0.28331901989078645,0.28331901989078645,0.08026966703187585,15
RSV,2025-10-13,1.34,seasonal_naive,3.22,-1.8800000000000001,1.8800000000000001,3.5344000000000007,15
RSV,2025-10-13,1.34,ETS,0.22809452841733693,1.111905471582663,1.111905471582663,1.2363337777354644,15
RSV,2025-10-13,1.34,ARIMA,4.6493969273284605,-3.3093969273284607,3.3093969273284607,10.952108022611057,15
Adenovirus,2025-10-20,1.78,seasonal_naive,1.93,-0.1499999999999999,0.1499999999999999,0.022499999999999975,16
Adenovirus,2025-10-20,1.78,ETS,2.933607024346471,-1.1536070243464709,1.1536070243464709,1.3308091666215192,16
Adenovirus,2025-10-20,1.78,ARIMA,2.399387009551552,-0.6193870095515519,0.6193870095515519,0.3836402676012142,16
hMPV,2025-10-20,0.35,seasonal_naive,1.49,-1.1400000000000001,1.1400000000000001,1.2996000000000003,16
hMPV,2025-10-20,0.35,ETS,1.1650304006522867,-0.8150304006522867,0.8150304006522867,0.664274553987427,16
hMPV,2025-10-20,0.35,ARIMA,1.912220181480331,-1.5622201814803311,1.5622201814803311,2.4405318954244386,16
Influenza,2025-10-20,9.47,seasonal_naive,3.04,6.430000000000001,6.430000000000001,41.34490000000001,16
Influenza,2025-10-20,9.47,ETS,-0.979459660576218,10.449459660576219,10.449459660576219,109.19120719800966,16
Influenza,2025-10-20,9.47,ARIMA,3.7192462354049756,5.750753764595025,5.750753764595025,33.071168861003855,16
Parainfluenza,2025-10-20,2.56,seasonal_naive,2.27,0.29000000000000004,0.29000000000000004,0.08410000000000002,16
Parainfluenza,2025-10-20,2.56,ETS,2.614138697541053,-0.05413869754105294,0.05413869754105294,0.0029309985714416112,16
Parainfluenza,2025-10-20,2.56,ARIMA,2.7346226801458857,-0.17462268014588567,0.17462268014588567,0.03049308042133229,16
Rhinovirus,2025-10-20,16.6,seasonal_naive,14.76,1.8400000000000016,1.8400000000000016,3.385600000000006,16
Rhinovirus,2025-10-20,16.6,ETS,10.919259171057885,5.680740828942117,5.680740828942117,32.27081636560997,16
Rhinovirus,2025-10-20,16.6,ARIMA,17.38013375086916,-0.7801337508691581,0.7801337508691581,0.6086086692451818,16
RSV,2025-10-20,2.47,seasonal_naive,5,-2.53,2.53,6.400899999999999,16
RSV,2025-10-20,2.47,ETS,0.22838902154709806,2.2416109784529024,2.2416109784529024,5.024819778720579,16
RSV,2025-10-20,2.47,ARIMA,6.814146770217622,-4.3441467702176215,4.3441467702176215,18.87161116119219,16
Adenovirus,2025-10-27,1.72,seasonal_naive,1.65,0.07000000000000006,0.07000000000000006,0.0049000000000000085,17
Adenovirus,2025-10-27,1.72,ETS,2.9683856777785422,-1.2483856777785423,1.2483856777785423,1.5584668004825903,17
Adenovirus,2025-10-27,1.72,ARIMA,2.3592903595701684,-0.6392903595701684,0.6392903595701684,0.40869216383935525,17
hMPV,2025-10-27,0.39,seasonal_naive,1.2,-0.8099999999999999,0.8099999999999999,0.6560999999999999,17
hMPV,2025-10-27,0.39,ETS,1.1650070313191092,-0.7750070313191092,0.7750070313191092,0.6006358985940587,17
hMPV,2025-10-27,0.39,ARIMA,1.8814763200419231,-1.4914763200419232,1.4914763200419232,2.2245016132457973,17
Influenza,2025-10-27,11.95,seasonal_naive,2.8,9.149999999999999,9.149999999999999,83.72249999999997,17
Influenza,2025-10-27,11.95,ETS,-0.9879719055586816,12.937971905558681,12.937971905558681,167.39111702902574,17
Influenza,2025-10-27,11.95,ARIMA,3.723657216579305,8.226342783420694,8.226342783420694,67.67271559033773,17
Parainfluenza,2025-10-27,2.86,seasonal_naive,2.68,0.17999999999999972,0.17999999999999972,0.0323999999999999,17
Parainfluenza,2025-10-27,2.86,ETS,2.611353561390917,0.24864643860908275,0.24864643860908275,0.06182505143298036,17
Parainfluenza,2025-10-27,2.86,ARIMA,2.7852226414164956,0.07477735858350432,0.07477735858350432,0.005591653356725987,17
Rhinovirus,2025-10-27,15.89,seasonal_naive,15.25,0.6400000000000006,0.6400000000000006,0.40960000000000074,17
Rhinovirus,2025-10-27,15.89,ETS,10.920007833549244,4.969992166450757,4.969992166450757,24.700822134581887,17
Rhinovirus,2025-10-27,15.89,ARIMA,16.047953148480076,-0.15795314848007536,0.15795314848007536,0.024949197114768732,17
RSV,2025-10-27,2.8,seasonal_naive,6.62,-3.8200000000000003,3.8200000000000003,14.592400000000001,17
RSV,2025-10-27,2.8,ETS,0.2286246162953141,2.5713753837046855,2.5713753837046855,6.611971363922419,17
RSV,2025-10-27,2.8,ARIMA,8.4811089435541,-5.6811089435541,5.6811089435541,32.27499882853038,17
Adenovirus,2025-11-03,2.01,seasonal_naive,1.91,0.09999999999999987,0.09999999999999987,0.009999999999999974,18
Adenovirus,2025-11-03,2.01,ETS,3.0031643312106135,-0.9931643312106138,0.9931643312106138,0.9863753887890258,18
Adenovirus,2025-11-03,2.01,ARIMA,2.3958542655669377,-0.3858542655669379,0.3858542655669379,0.14888351425620105,18
hMPV,2025-11-03,0.99,seasonal_naive,1.8,-0.81,0.81,0.6561000000000001,18
hMPV,2025-11-03,0.99,ETS,1.164988335850194,-0.17498833585019402,0.17498833585019402,0.030620917683620297,18
hMPV,2025-11-03,0.99,ARIMA,1.993435295867558,-1.003435295867558,1.003435295867558,1.006882392992814,18
Influenza,2025-11-03,12.87,seasonal_naive,3.07,9.799999999999999,9.799999999999999,96.03999999999998,18
Influenza,2025-11-03,12.87,ETS,-0.9947817021278763,13.864781702127875,13.864781702127875,192.23217164765992,18
Influenza,2025-11-03,12.87,ARIMA,3.847050019040238,9.022949980959762,9.022949980959762,81.41362635890177,18
Parainfluenza,2025-11-03,1.96,seasonal_naive,2.96,-1,1,1,18
Parainfluenza,2025-11-03,1.96,ETS,2.6091252985112625,-0.6491252985112625,0.6491252985112625,0.4213636531673357,18
Parainfluenza,2025-11-03,1.96,ARIMA,2.8261657291457967,-0.8661657291457967,0.8661657291457967,0.7502430703466697,18
Rhinovirus,2025-11-03,14.83,seasonal_naive,12.75,2.08,2.08,4.3264000000000005,18
Rhinovirus,2025-11-03,14.83,ETS,10.920606777836724,3.909393222163276,3.909393222163276,15.28335536549616,18
Rhinovirus,2025-11-03,14.83,ARIMA,15.25791251445218,-0.4279125144521796,0.4279125144521796,0.1831091200247868,18
RSV,2025-11-03,4.1,seasonal_naive,9.38,-5.280000000000001,5.280000000000001,27.878400000000013,18
RSV,2025-11-03,4.1,ETS,0.22881309228941285,3.871186907710587,3.871186907710587,14.986088074429857,18
RSV,2025-11-03,4.1,ARIMA,10.421696166459448,-6.321696166459448,6.321696166459448,39.96384242102808,18
Adenovirus,2025-11-10,2.15,seasonal_naive,2.51,-0.3599999999999999,0.3599999999999999,0.1295999999999999,19
Adenovirus,2025-11-10,2.15,ETS,3.037942984642685,-0.887942984642685,0.887942984642685,0.7884427439761594,19
Adenovirus,2025-11-10,2.15,ARIMA,2.4660851894224423,-0.31608518942244235,0.31608518942244235,0.09990984697222126,19
hMPV,2025-11-10,0.98,seasonal_naive,1.63,-0.6499999999999999,0.6499999999999999,0.4224999999999999,19
hMPV,2025-11-10,0.98,ETS,1.1649733794731632,-0.18497337947316317,0.18497337947316317,0.03421515111372282,19
hMPV,2025-11-10,0.98,ARIMA,1.9737512162497695,-0.9937512162497695,0.9937512162497695,0.9875414797978961,19
Influenza,2025-11-10,11.07,seasonal_naive,4.4,6.67,6.67,44.4889,19
Influenza,2025-11-10,11.07,ETS,-1.0002295398498111,12.070229539849812,12.070229539849812,145.690441144663,19
Influenza,2025-11-10,11.07,ARIMA,4.227418708639905,6.842581291360095,6.842581291360095,46.820918728871185,19
Parainfluenza,2025-11-10,2.99,seasonal_naive,2.97,0.020000000000000018,0.020000000000000018,4.000000000000007e-4,19
Parainfluenza,2025-11-10,2.99,ETS,2.607342565031391,0.38265743496860916,0.38265743496860916,0.14642671253675535,19
Parainfluenza,2025-11-10,2.99,ARIMA,2.8437152334127123,0.14628476658728795,0.14628476658728795,0.021399232935497316,19
Rhinovirus,2025-11-10,16.84,seasonal_naive,13.76,3.08,3.08,9.4864,19
Rhinovirus,2025-11-10,16.84,ETS,10.921085944702494,5.918914055297506,5.918914055297506,35.03354359399837,19
Rhinovirus,2025-11-10,16.84,ARIMA,14.771565127368113,2.0684348726318866,2.0684348726318866,4.278422822319689,19
RSV,2025-11-10,6.7,seasonal_naive,11.78,-5.079999999999999,5.079999999999999,25.806399999999993,19
RSV,2025-11-10,6.7,ETS,0.22896387324111278,6.471036126758888,6.471036126758888,41.874308553818665,19
RSV,2025-11-10,6.7,ARIMA,12.663807967201098,-5.963807967201098,5.963807967201098,35.56700546965129,19
Adenovirus,2025-11-17,1.16,seasonal_naive,1.87,-0.7100000000000002,0.7100000000000002,0.5041000000000002,20
Adenovirus,2025-11-17,1.16,ETS,3.072721638074756,-1.9127216380747563,1.9127216380747563,3.658504064759379,20
Adenovirus,2025-11-17,1.16,ARIMA,2.3800477059447824,-1.2200477059447825,1.2200477059447825,1.4885164047811266,20
hMPV,2025-11-17,0.68,seasonal_naive,2.33,-1.65,1.65,2.7224999999999997,20
hMPV,2025-11-17,0.68,ETS,1.1649614143700195,-0.4849614143700195,0.4849614143700195,0.23518757342776975,20
hMPV,2025-11-17,0.68,ARIMA,2.0942025251552554,-1.4142025251552552,1.4142025251552552,1.9999687821555003,20
Influenza,2025-11-17,10.5,seasonal_naive,6.92,3.58,3.58,12.8164,20
Influenza,2025-11-17,10.5,ETS,-1.004587810400622,11.504587810400622,11.504587810400622,132.3555406872186,20
Influenza,2025-11-17,10.5,ARIMA,4.898023253241244,5.601976746758756,5.601976746758756,31.382143471225813,20
Parainfluenza,2025-11-17,3.85,seasonal_naive,2.83,1.02,1.02,1.0404,20
Parainfluenza,2025-11-17,3.85,ETS,2.605916279699767,1.244083720300233,1.244083720300233,1.5477443031160685,20
Parainfluenza,2025-11-17,3.85,ARIMA,2.8520188369787514,0.9979811630212487,0.9979811630212487,0.9959664017452442,20
Rhinovirus,2025-11-17,17.08,seasonal_naive,12.25,4.829999999999998,4.829999999999998,23.328899999999983,20
Rhinovirus,2025-11-17,17.08,ETS,10.921469287343957,6.158530712656042,6.158530712656042,37.927500538727735,20
Rhinovirus,2025-11-17,17.08,ARIMA,12.939074849623047,4.140925150376951,4.140925150376951,17.147261101024373,20
RSV,2025-11-17,8.67,seasonal_naive,13.41,-4.74,4.74,22.4676,20
RSV,2025-11-17,8.67,ETS,0.22908449812760956,8.440915501872391,8.440915501872391,71.24905450974964,20
RSV,2025-11-17,8.67,ARIMA,13.702677463519489,-5.032677463519489,5.032677463519489,25.32784245181696,20
Adenovirus,2025-11-24,1.97,seasonal_naive,1.7,0.27,0.27,0.0729,21
Adenovirus,2025-11-24,1.97,ETS,3.107500291506828,-1.137500291506828,1.137500291506828,1.2939069131781187,21
Adenovirus,2025-11-24,1.97,ARIMA,2.360238640469016,-0.3902386404690159,0.3902386404690159,0.15228619651510586,21
hMPV,2025-11-24,1.33,seasonal_naive,2.27,-0.94,0.94,0.8835999999999999,21
hMPV,2025-11-24,1.33,ETS,1.1649518422862897,0.1650481577137104,0.1650481577137104,0.02724089436468982,21
hMPV,2025-11-24,1.33,ARIMA,2.085493528227177,-0.7554935282271771,0.7554935282271771,0.5707704711931484,21
Influenza,2025-11-24,15.63,seasonal_naive,10.48,5.15,5.15,26.522500000000004,21
Influenza,2025-11-24,15.63,ETS,-1.0080744271398818,16.638074427139884,16.638074427139884,276.82552064304616,21
Influenza,2025-11-24,15.63,ARIMA,5.822274625183196,9.807725374816805,9.807725374816805,96.19147702782543,21
Parainfluenza,2025-11-24,2.67,seasonal_naive,3,-0.33000000000000007,0.33000000000000007,0.10890000000000005,21
Parainfluenza,2025-11-24,2.67,ETS,2.6047751725908386,0.06522482740916136,0.06522482740916136,0.004254278110554887,21
Parainfluenza,2025-11-24,2.67,ARIMA,2.8843909428639187,-0.2143909428639188,0.2143909428639188,0.04596347638208009,21
Rhinovirus,2025-11-24,15.74,seasonal_naive,10.65,5.09,5.09,25.908099999999997,21
Rhinovirus,2025-11-24,15.74,ETS,10.92177596877638,4.81822403122362,4.81822403122362,23.215282815060792,21
Rhinovirus,2025-11-24,15.74,ARIMA,13.322981586310739,2.417018413689261,2.417018413689261,5.8419780121129525,21
RSV,2025-11-24,9.94,seasonal_naive,15.26,-5.32,5.32,28.302400000000002,21
RSV,2025-11-24,9.94,ETS,0.22918099813691656,9.710819001863083,9.710819001863083,94.30000568694513,21
RSV,2025-11-24,9.94,ARIMA,14.490914986935318,-4.550914986935318,4.550914986935318,20.710827218312485,21
Adenovirus,2025-12-01,1.61,seasonal_naive,1.94,-0.32999999999999985,0.32999999999999985,0.1088999999999999,22
Adenovirus,2025-12-01,1.61,ETS,3.1422789449388993,-1.5322789449388992,1.5322789449388992,2.347878765103066,22
Adenovirus,2025-12-01,1.61,ARIMA,2.3860902362365475,-0.7760902362365474,0.7760902362365474,0.6023160547816999,22
hMPV,2025-12-01,2.09,seasonal_naive,2.44,-0.3500000000000001,0.3500000000000001,0.12250000000000007,22
hMPV,2025-12-01,2.09,ETS,1.1649441846183337,0.9250558153816661,0.9250558153816661,0.8557282615714392,22
hMPV,2025-12-01,2.09,ARIMA,2.111896994985406,-0.021896994985405982,0.021896994985405982,4.794783893908947e-4,22
Influenza,2025-12-01,21.44,seasonal_naive,14.68,6.760000000000002,6.760000000000002,45.69760000000002,22
Influenza,2025-12-01,21.44,ETS,-1.0108637207701778,22.45086372077018,22.45086372077018,504.04128180859465,22
Influenza,2025-12-01,21.44,ARIMA,6.9012206261617495,14.538779373838253,14.538779373838253,211.37610568114462,22
Parainfluenza,2025-12-01,3.11,seasonal_naive,2.32,0.79,0.79,0.6241000000000001,22
Parainfluenza,2025-12-01,3.11,ETS,2.6038622238244336,0.5061377761755663,0.5061377761755663,0.2561754484719477,22
Parainfluenza,2025-12-01,3.11,ARIMA,2.8416868319355806,0.2683131680644193,0.2683131680644193,0.07199195615676532,22
Rhinovirus,2025-12-01,14.17,seasonal_naive,10.34,3.83,3.83,14.6689,22
Rhinovirus,2025-12-01,14.17,ETS,10.92202131977786,3.2479786802221398,3.2479786802221398,10.549365507177553,22
Rhinovirus,2025-12-01,14.17,ARIMA,12.202646199476874,1.9673538005231261,1.9673538005231261,3.8704809764327885,22
RSV,2025-12-01,10.86,seasonal_naive,12.91,-2.0500000000000007,2.0500000000000007,4.202500000000003,22
RSV,2025-12-01,10.86,ETS,0.2292581982244499,10.63074180177555,10.63074180177555,113.01267125601805,22
RSV,2025-12-01,10.86,ARIMA,12.398652964308537,-1.5386529643085378,1.5386529643085378,2.3674529445754504,22
Adenovirus,2025-12-08,1.23,seasonal_naive,1.98,-0.75,0.75,0.5625,23
Adenovirus,2025-12-08,1.23,ETS,3.1770575983709706,-1.9470575983709706,1.9470575983709706,3.791033291374132,23
Adenovirus,2025-12-08,1.23,ARIMA,2.3864910792812686,-1.1564910792812686,1.1564910792812686,1.3374716164571534,23
hMPV,2025-12-08,1.87,seasonal_naive,2.26,-0.3899999999999997,0.3899999999999997,0.15209999999999976,23
hMPV,2025-12-08,1.87,ETS,1.1649380584831912,0.7050619415168089,0.7050619415168089,0.49711234137545207,23
hMPV,2025-12-08,1.87,ARIMA,2.0778934009778576,-0.20789340097785747,0.20789340097785747,0.043219666170140225,23
Influenza,2025-12-08,19.79,seasonal_naive,17.83,1.9600000000000009,1.9600000000000009,3.8416000000000032,23
Influenza,2025-12-08,19.79,ETS,-1.0130951558655255,20.803095155865524,20.803095155865524,432.76876806399565,23
Influenza,2025-12-08,19.79,ARIMA,7.714529009572529,12.075470990427469,12.075470990427469,145.81699964065535,23
Parainfluenza,2025-12-08,3.03,seasonal_naive,2.84,0.18999999999999995,0.18999999999999995,0.03609999999999998,23
Parainfluenza,2025-12-08,3.03,ETS,2.6031318143444135,0.42686818565558626,0.42686818565558626,0.18221644792489206,23
Parainfluenza,2025-12-08,3.03,ARIMA,2.901248640142196,0.12875135985780384,0.12875135985780384,0.0165769126652337,23
Rhinovirus,2025-12-08,13.1,seasonal_naive,8.81,4.289999999999999,4.289999999999999,18.404099999999993,23
Rhinovirus,2025-12-08,13.1,ETS,10.922217605263588,2.177782394736411,2.177782394736411,4.742736158823858,23
Rhinovirus,2025-12-08,13.1,ARIMA,10.32510676131479,2.774893238685209,2.774893238685209,7.700032486100889,23
RSV,2025-12-08,10.01,seasonal_naive,11.54,-1.5299999999999994,1.5299999999999994,2.340899999999998,23
RSV,2025-12-08,10.01,ETS,0.22931995835854685,9.780680041641453,9.780680041641453,95.66170207696346,23
RSV,2025-12-08,10.01,ARIMA,10.740946082170053,-0.7309460821700533,0.7309460821700533,0.5342821750397503,23
Adenovirus,2025-12-15,1.77,seasonal_naive,2.51,-0.7399999999999998,0.7399999999999998,0.5475999999999996,24
Adenovirus,2025-12-15,1.77,ETS,3.211836251803042,-1.4418362518030419,1.4418362518030419,2.0788917770134447,24
Adenovirus,2025-12-15,1.77,ARIMA,2.4576458065913385,-0.6876458065913384,0.6876458065913384,0.4728567553226524,24
hMPV,2025-12-15,3.02,seasonal_naive,3.81,-0.79,0.79,0.6241000000000001,24
hMPV,2025-12-15,3.02,ETS,1.164933157574455,1.855066842425545,1.855066842425545,3.4412729898666816,24
hMPV,2025-12-15,3.02,ARIMA,2.328125645939295,0.6918743540607051,0.6918743540607051,0.4786901218069179,24
Influenza,2025-12-15,17.46,seasonal_naive,21.43,-3.969999999999999,3.969999999999999,15.76089999999999,24
Influenza,2025-12-15,17.46,ETS,-1.0148803040946925,18.474880304094693,18.474880304094693,341.321202250626,24
Influenza,2025-12-15,17.46,ARIMA,8.636315207765504,8.823684792234497,8.823684792234497,77.85741331271034,24
Parainfluenza,2025-12-15,2.85,seasonal_naive,2.56,0.29000000000000004,0.29000000000000004,0.08410000000000002,24
Parainfluenza,2025-12-15,2.85,ETS,2.6025474463840905,0.24745255361590957,0.24745255361590957,0.0612327662910346,24
Parainfluenza,2025-12-15,2.85,ARIMA,2.8931334132700472,-0.04313341327004716,0.04313341327004716,0.0018604913403246805,24
Rhinovirus,2025-12-15,14.87,seasonal_naive,8.44,6.43,6.43,41.344899999999996,24
Rhinovirus,2025-12-15,14.87,ETS,10.922374637399898,3.9476253626001014,3.9476253626001014,15.583746003443583,24
Rhinovirus,2025-12-15,14.87,ARIMA,9.897278692243535,4.972721307756464,4.972721307756464,24.727957204615155,24
RSV,2025-12-15,10.12,seasonal_naive,9.26,0.8599999999999994,0.8599999999999994,0.739599999999999,24
RSV,2025-12-15,10.12,ETS,0.22936936651708068,9.89063063348292,9.89063063348292,97.82457432799073,24
RSV,2025-12-15,10.12,ARIMA,8.901700185828359,1.2182998141716403,1.2182998141716403,1.4842544372106534,24
Adenovirus,2025-12-22,1.8,seasonal_naive,1.62,0.17999999999999994,0.17999999999999994,0.03239999999999998,25
Adenovirus,2025-12-22,1.8,ETS,3.246614905235113,-1.4466149052351132,1.4466149052351132,2.0926946840483955,25
Adenovirus,2025-12-22,1.8,ARIMA,2.346789329014279,-0.5467893290142791,0.5467893290142791,0.2989785703238856,25
hMPV,2025-12-22,3.93,seasonal_naive,4.01,-0.07999999999999963,0.07999999999999963,0.0063999999999999405,25
hMPV,2025-12-22,3.93,ETS,1.1649292368469686,2.7650707631530316,2.7650707631530316,7.645616325243688,25
hMPV,2025-12-22,3.93,ARIMA,2.3533614451858256,1.5766385548141746,1.5766385548141746,2.485789132526529,25
Influenza,2025-12-22,15.07,seasonal_naive,26.66,-11.59,11.59,134.3281,25
Influenza,2025-12-22,15.07,ETS,-1.016308422800337,16.086308422800336,16.086308422800336,258.769318673457,25
Influenza,2025-12-22,15.07,ARIMA,9.96092878596064,5.109071214039361,5.109071214039361,26.102608670125626,25
Parainfluenza,2025-12-22,2.88,seasonal_naive,1.87,1.0099999999999998,1.0099999999999998,1.0200999999999996,25
Parainfluenza,2025-12-22,2.88,ETS,2.6020799197125544,0.2779200802874455,0.2779200802874455,0.07723957102698016,25
Parainfluenza,2025-12-22,2.88,ARIMA,2.8493586892243252,0.03064131077567467,0.03064131077567467,9.388899260514765e-4,25
Rhinovirus,2025-12-22,14.58,seasonal_naive,6.73,7.85,7.85,61.622499999999995,25
Rhinovirus,2025-12-22,14.58,ETS,10.922500266107196,3.657499733892804,3.657499733892804,13.377304303425932,25
Rhinovirus,2025-12-22,14.58,ARIMA,8.278827056031242,6.3011729439687585,6.3011729439687585,39.70478046980391,25
RSV,2025-12-22,10.09,seasonal_naive,7.38,2.71,2.71,7.3441,25
RSV,2025-12-22,10.09,ETS,0.2294088930849128,9.860591106915088,9.860591106915088,97.23125697777292,25
RSV,2025-12-22,10.09,ARIMA,7.021162320781997,3.068837679218003,3.068837679218003,9.417764701388139,25
Adenovirus,2025-12-29,1.47,seasonal_naive,1.76,-0.29000000000000004,0.29000000000000004,0.08410000000000002,26
Adenovirus,2025-12-29,1.47,ETS,3.2813935586671845,-1.8113935586671845,1.8113935586671845,3.281146624380967,26
Adenovirus,2025-12-29,1.47,ARIMA,2.3643884564552717,-0.8943884564552718,0.8943884564552718,0.7999307110404436,26
hMPV,2025-12-29,3.23,seasonal_naive,4.27,-1.0399999999999996,1.0399999999999996,1.0815999999999992,26
hMPV,2025-12-29,3.23,ETS,1.164926100264581,2.065073899735419,2.065073899735419,4.264530211368451,26
hMPV,2025-12-29,3.23,ARIMA,2.3873352481283603,0.8426647518716397,0.8426647518716397,0.710083884046892,26
Influenza,2025-12-29,14.5,seasonal_naive,22.9,-8.399999999999999,8.399999999999999,70.55999999999997,26
Influenza,2025-12-29,14.5,ETS,-1.0174509178627014,15.517450917862702,15.517450917862702,240.791282988278,26
Influenza,2025-12-29,14.5,ARIMA,9.043680115517692,5.456319884482308,5.456319884482308,29.77142668179703,26
Parainfluenza,2025-12-29,3.25,seasonal_naive,1.56,1.69,1.69,2.8560999999999996,26
Parainfluenza,2025-12-29,3.25,ETS,2.601705872530918,0.6482941274690819,0.6482941274690819,0.4202852757108982,26
Parainfluenza,2025-12-29,3.25,ARIMA,2.83749624533646,0.41250375466354017,0.41250375466354017,0.17015934761151813,26
Rhinovirus,2025-12-29,12.24,seasonal_naive,7.37,4.87,4.87,23.716900000000003,26
Rhinovirus,2025-12-29,12.24,ETS,10.922600771471693,1.3173992285283074,1.3173992285283074,1.7355407273269794,26
Rhinovirus,2025-12-29,12.24,ARIMA,8.537416314004123,3.7025836859958776,3.7025836859958776,13.70912595180282,26
RSV,2025-12-29,8.62,seasonal_naive,5.95,2.669999999999999,2.669999999999999,7.1288999999999945,26
RSV,2025-12-29,8.62,ETS,0.22944051437198257,8.390559485628017,8.390559485628017,70.4014884818623,26
RSV,2025-12-29,8.62,ARIMA,5.490720684298392,3.1292793157016074,3.1292793157016074,9.792389035677921,26
Adenovirus,2026-01-05,1.24,seasonal_naive,1.72,-0.48,0.48,0.2304,27
Adenovirus,2026-01-05,1.24,ETS,3.316172212099256,-2.076172212099256,2.076172212099256,4.310491054293118,27
Adenovirus,2026-01-05,1.24,ARIMA,2.356720836200028,-1.116720836200028,1.116720836200028,1.2470654260032898,27
hMPV,2026-01-05,3.03,seasonal_naive,3.27,-0.2400000000000002,0.2400000000000002,0.0576000000000001,27
hMPV,2026-01-05,3.03,ETS,1.1649235909983526,1.8650764090016472,1.8650764090016472,3.4785100114144796,27
hMPV,2026-01-05,3.03,ARIMA,2.212000113625033,0.8179998863749667,0.8179998863749667,0.6691238141094584,27
Influenza,2026-01-05,12.89,seasonal_naive,17.36,-4.469999999999999,4.469999999999999,19.98089999999999,27
Influenza,2026-01-05,12.89,ETS,-1.018364913990872,13.908364913990873,13.908364913990873,193.44261458073234,27
Influenza,2026-01-05,12.89,ARIMA,7.680682706373755,5.2093172936262455,5.2093172936262455,27.136986665673472,27
Parainfluenza,2026-01-05,3.04,seasonal_naive,1.93,1.11,1.11,1.2321000000000002,27
Parainfluenza,2026-01-05,3.04,ETS,2.601406614108654,0.438593385891346,0.438593385891346,0.19236415814763513,27
Parainfluenza,2026-01-05,3.04,ARIMA,2.87725709386416,0.16274290613583986,0.16274290613583986,0.026485253497538785,27
Rhinovirus,2026-01-05,13.67,seasonal_naive,7.12,6.55,6.55,42.902499999999996,27
Rhinovirus,2026-01-05,13.67,ETS,10.922681177682264,2.7473188223177356,2.7473188223177356,7.54776071146131,27
Rhinovirus,2026-01-05,13.67,ARIMA,6.969810248439969,6.700189751560031,6.700189751560031,44.89254270691007,27
RSV,2026-01-05,7.22,seasonal_naive,4.84,2.38,2.38,5.6644,27
RSV,2026-01-05,7.22,ETS,0.22946581142788167,6.990534188572118,6.990534188572118,48.86756824159564,27
RSV,2026-01-05,7.22,ARIMA,4.484289742183755,2.735710257816245,2.735710257816245,7.4841106147210255,27
Adenovirus,2026-01-12,1.36,seasonal_naive,1.94,-0.5799999999999998,0.5799999999999998,0.3363999999999998,28
Adenovirus,2026-01-12,1.36,ETS,3.3509508655313276,-1.9909508655313275,1.9909508655313275,3.963885348959942,28
Adenovirus,2026-01-12,1.36,ARIMA,2.391196889015316,-1.0311968890153158,1.0311968890153158,1.0633670239148656,28
hMPV,2026-01-12,3.62,seasonal_naive,3.75,-0.1299999999999999,0.1299999999999999,0.01689999999999997,28
hMPV,2026-01-12,3.62,ETS,1.164921583585115,2.455078416414885,2.455078416414885,6.02741003074622,28
hMPV,2026-01-12,3.62,ARIMA,2.281109621873239,1.3388903781267611,1.3388903781267611,1.7926274446404213,28
Influenza,2026-01-12,11.48,seasonal_naive,15.26,-3.7799999999999994,3.7799999999999994,14.288399999999996,28
Influenza,2026-01-12,11.48,ETS,-1.0190961109560315,12.499096110956032,12.499096110956032,156.2274035909162,28
Influenza,2026-01-12,11.48,ARIMA,7.172364816682687,4.307635183317314,4.307635183317314,18.555720872553188,28
Parainfluenza,2026-01-12,2.7,seasonal_naive,1.37,1.33,1.33,1.7689000000000001,28
Parainfluenza,2026-01-12,2.7,ETS,2.6011671908281357,0.09883280917186443,0.09883280917186443,0.009767924168802171,28
Parainfluenza,2026-01-12,2.7,ARIMA,2.8381054359631612,-0.13810543596316105,0.13810543596316105,0.019073111442574776,28
Rhinovirus,2026-01-12,11.42,seasonal_naive,7.19,4.2299999999999995,4.2299999999999995,17.892899999999997,28
Rhinovirus,2026-01-12,11.42,ETS,10.922745504185936,0.49725449581406345,0.49725449581406345,0.24726203360729845,28
Rhinovirus,2026-01-12,11.42,ARIMA,7.504865683930419,3.9151343160695813,3.9151343160695813,15.328276712865629,28
RSV,2026-01-12,6.6,seasonal_naive,4.37,2.2299999999999995,2.2299999999999995,4.972899999999998,28
RSV,2026-01-12,6.6,ETS,0.2294860490935956,6.370513950906404,6.370513950906404,40.583447998693124,28
RSV,2026-01-12,6.6,ARIMA,3.6932779001962466,2.906722099803753,2.906722099803753,8.449033365487539,28
Adenovirus,2026-01-19,1.92,seasonal_naive,1.95,-0.030000000000000027,0.030000000000000027,9.000000000000016e-4,29
Adenovirus,2026-01-19,1.92,ETS,3.385729518963399,-1.465729518963399,1.465729518963399,2.148363022760677,29
Adenovirus,2026-01-19,1.92,ARIMA,2.395145086222472,-0.4751450862224722,0.4751450862224722,0.22576285296136053,29
hMPV,2026-01-19,3.55,seasonal_naive,3.47,0.07999999999999963,0.07999999999999963,0.0063999999999999405,29
hMPV,2026-01-19,3.55,ETS,1.164919977654321,2.3850800223456785,2.3850800223456785,5.6886067129924625,29
hMPV,2026-01-19,3.55,ARIMA,2.224305296651878,1.325694703348122,1.325694703348122,1.757466446485265,29
Influenza,2026-01-19,9.16,seasonal_naive,13.82,-4.66,4.66,21.715600000000002,29
Influenza,2026-01-19,9.16,ETS,-1.0196810685782578,10.179681068578258,10.179681068578258,103.62590665797059,29
Influenza,2026-01-19,9.16,ARIMA,6.8265862521663845,2.3334137478336157,2.3334137478336157,5.444819718578921,29
Parainfluenza,2026-01-19,2.55,seasonal_naive,1.13,1.42,1.42,2.0164,29
Parainfluenza,2026-01-19,2.55,ETS,2.6009756389686416,-0.05097563896864177,0.05097563896864177,0.002598515768261309,29
Parainfluenza,2026-01-19,2.55,ARIMA,2.825952127326111,-0.2759521273261112,0.2759521273261112,0.07614957657580627,29
Rhinovirus,2026-01-19,13.52,seasonal_naive,8.95,4.57,4.57,20.884900000000002,29
Rhinovirus,2026-01-19,13.52,ETS,10.922796966617076,2.5972030333829235,2.5972030333829235,6.745463596613459,29
Rhinovirus,2026-01-19,13.52,ARIMA,8.73763666519696,4.782363334803039,4.782363334803039,22.870999066068443,29
RSV,2026-01-19,5.99,seasonal_naive,3.91,2.08,2.08,4.3264000000000005,29
RSV,2026-01-19,5.99,ETS,0.2295022392429625,5.760497760757038,5.760497760757038,33.18333445168685,29
RSV,2026-01-19,5.99,ARIMA,3.124624166913593,2.865375833086407,2.865375833086407,8.210378664835622,29
Adenovirus,2026-01-26,2.22,seasonal_naive,2.68,-0.45999999999999996,0.45999999999999996,0.21159999999999995,30
Adenovirus,2026-01-26,2.22,ETS,3.4205081723954702,-1.20050817239547,1.20050817239547,1.4412198719883116,30
Adenovirus,2026-01-26,2.22,ARIMA,2.4865550302197157,-0.2665550302197155,0.2665550302197155,0.07105158413543344,30
hMPV,2026-01-26,3.71,seasonal_naive,3.79,-0.08000000000000007,0.08000000000000007,0.006400000000000012,30
hMPV,2026-01-26,3.71,ETS,1.1649186929095228,2.545081307090477,2.545081307090477,6.477438859701372,30
hMPV,2026-01-26,3.71,ARIMA,2.2669046642013746,1.4430953357986254,1.4430953357986254,2.0825241482037473,30
Influenza,2026-01-26,7.18,seasonal_naive,13.17,-5.99,5.99,35.880100000000006,30
Influenza,2026-01-26,7.18,ETS,-1.0201490347161177,8.200149034716118,8.200149034716118,67.24244419155568,30
Influenza,2026-01-26,7.18,ARIMA,6.675956727224413,0.5040432727755864,0.5040432727755864,0.2540596208303242,30
Parainfluenza,2026-01-26,2.23,seasonal_naive,0.87,1.3599999999999999,1.3599999999999999,1.8495999999999997,30
Parainfluenza,2026-01-26,2.23,ETS,2.6008223868922506,-0.37082238689225067,0.37082238689225067,0.13750924262046604,30
Parainfluenza,2026-01-26,2.23,ARIMA,2.8064103382780177,-0.5764103382780177,0.5764103382780177,0.3322488780737788,30
Rhinovirus,2026-01-26,12.7,seasonal_naive,9.06,3.639999999999999,3.639999999999999,13.249599999999992,30
Rhinovirus,2026-01-26,12.7,ETS,10.92283813754457,1.7771618624554293,1.7771618624554293,3.15830428536605,30
Rhinovirus,2026-01-26,12.7,ARIMA,8.877083018460484,3.8229169815395156,3.8229169815395156,14.614694247743202,30
RSV,2026-01-26,4.86,seasonal_naive,2.5,2.3600000000000003,2.3600000000000003,5.569600000000001,30
RSV,2026-01-26,4.86,ETS,0.22951519137589263,4.630484808624107,4.630484808624107,21.441389562898635,30
RSV,2026-01-26,4.86,ARIMA,2.0889242250974114,2.771075774902589,2.771075774902589,7.678860950251984,30
Adenovirus,2026-02-02,3.09,seasonal_naive,3.03,0.06000000000000005,0.06000000000000005,0.0036000000000000064,31
Adenovirus,2026-02-02,3.09,ETS,3.4552868258275415,-0.3652868258275417,0.3652868258275417,0.13343446512316076,31
Adenovirus,2026-02-02,3.09,ARIMA,2.5295218550381655,0.5604781449618343,0.5604781449618343,0.314135750979859,31
hMPV,2026-02-02,4.46,seasonal_naive,3.73,0.73,0.73,0.5328999999999999,31
hMPV,2026-02-02,4.46,ETS,1.1649176651135538,3.2950823348864464,3.2950823348864464,10.857567593680715,31
hMPV,2026-02-02,4.46,ARIMA,2.246969004039881,2.213030995960119,2.213030995960119,4.897506189080237,31
Influenza,2026-02-02,5.26,seasonal_naive,11.63,-6.370000000000001,6.370000000000001,40.576900000000016,31
Influenza,2026-02-02,5.26,ETS,-1.0205234076584686,6.280523407658468,6.280523407658468,39.44497427414594,31
Influenza,2026-02-02,5.26,ARIMA,6.302246952048908,-1.0422469520489086,1.0422469520489086,1.08627870905524,31
Parainfluenza,2026-02-02,2.49,seasonal_naive,1.39,1.1000000000000003,1.1000000000000003,1.2100000000000006,31
Parainfluenza,2026-02-02,2.49,ETS,2.600699776759516,-0.1106997767595157,0.1106997767595157,0.012254440574606612,31
Parainfluenza,2026-02-02,2.49,ARIMA,2.860336715658537,-0.3703367156585369,0.3703367156585369,0.13714928296475198,31
Rhinovirus,2026-02-02,12.84,seasonal_naive,10.41,2.4299999999999997,2.4299999999999997,5.904899999999999,31
Rhinovirus,2026-02-02,12.84,ETS,10.922871075072653,1.917128924927347,1.917128924927347,3.675383314793086,31
Rhinovirus,2026-02-02,12.84,ARIMA,9.633980247632739,3.2060197523672613,3.2060197523672613,10.278562652569036,31
RSV,2026-02-02,4.63,seasonal_naive,2.36,2.27,2.27,5.1529,31
RSV,2026-02-02,4.63,ETS,0.229525553092986,4.400474446907014,4.400474446907014,19.36417535788159,31
RSV,2026-02-02,4.63,ARIMA,1.9069827041912197,2.72301729580878,2.72301729580878,7.414823193273762,31
Adenovirus,2026-02-09,3.74,seasonal_naive,3.06,0.6800000000000002,0.6800000000000002,0.4624000000000002,32
Adenovirus,2026-02-09,3.74,ETS,3.490065479259613,0.24993452074038736,0.24993452074038736,0.06246726465772712,32
Adenovirus,2026-02-09,3.74,ARIMA,2.538056288206415,1.2019437117935854,1.2019437117935854,1.4446686863201414,32
hMPV,2026-02-09,3.41,seasonal_naive,3.94,-0.5299999999999998,0.5299999999999998,0.2808999999999998,32
hMPV,2026-02-09,3.41,ETS,1.164916842876674,2.245083157123326,2.245083157123326,5.040398382398841,32
hMPV,2026-02-09,3.41,ARIMA,2.2722461580569493,1.1377538419430508,1.1377538419430508,1.2944838048561726,32
Influenza,2026-02-09,3.96,seasonal_naive,10.28,-6.319999999999999,6.319999999999999,39.94239999999999,32
Influenza,2026-02-09,3.96,ETS,-1.020822906038,4.980822906038,4.980822906038,24.80859682131283,32
Influenza,2026-02-09,3.96,ARIMA,5.974625371395561,-2.014625371395561,2.014625371395561,4.058715387070702,32
Parainfluenza,2026-02-09,2.39,seasonal_naive,1.43,0.9600000000000002,0.9600000000000002,0.9216000000000003,32
Parainfluenza,2026-02-09,2.39,ETS,2.6006016818755624,-0.21060168187556227,0.21060168187556227,0.04435306840881553,32
Parainfluenza,2026-02-09,2.39,ARIMA,2.870863321401303,-0.4808633214013027,0.4808633214013027,0.23122953386909256,32
Rhinovirus,2026-02-09,14.03,seasonal_naive,10.3,3.7299999999999986,3.7299999999999986,13.91289999999999,32
Rhinovirus,2026-02-09,14.03,ETS,10.922897425724004,3.107102574275995,3.107102574275995,9.654086407072516,32
Rhinovirus,2026-02-09,14.03,ARIMA,9.412724184215588,4.617275815784412,4.617275815784412,21.319235959027605,32
RSV,2026-02-09,3.62,seasonal_naive,2.35,1.27,1.27,1.6129,32
RSV,2026-02-09,3.62,ETS,0.22953384247526018,3.39046615752474,3.39046615752474,11.495260765320575,32
RSV,2026-02-09,3.62,ARIMA,1.8217892853649515,1.7982107146350486,1.7982107146350486,3.233561774228292,32
Adenovirus,2026-02-16,4.67,seasonal_naive,3.4,1.27,1.27,1.6129,33
Adenovirus,2026-02-16,4.67,ETS,3.524844132691684,1.1451558673083158,1.1451558673083158,1.311381960430661,33
Adenovirus,2026-02-16,4.67,ARIMA,2.589098889388047,2.080901110611953,2.080901110611953,4.330149432146059,33
hMPV,2026-02-16,3.6,seasonal_naive,4.79,-1.19,1.19,1.4161,33
hMPV,2026-02-16,3.6,ETS,1.1649161850870868,2.4350838149129133,2.4350838149129133,5.929633185650827,33
hMPV,2026-02-16,3.6,ARIMA,2.4041113134402865,1.1958886865597136,1.1958886865597136,1.4301497506415168,33
Influenza,2026-02-16,3,seasonal_naive,10.03,-7.029999999999999,7.029999999999999,49.42089999999999,33
Influenza,2026-02-16,3,ETS,-1.0210625047621456,4.0210625047621456,4.0210625047621456,16.16894366720402,33
Influenza,2026-02-16,3,ARIMA,5.919897001651288,-2.9198970016512877,2.9198970016512877,8.525798500252181,33
Parainfluenza,2026-02-16,2.51,seasonal_naive,1.46,1.0499999999999998,1.0499999999999998,1.1024999999999996,33
Parainfluenza,2026-02-16,2.51,ETS,2.6005232005458128,-0.09052320054581298,0.09052320054581298,0.008194449837057475,33
Parainfluenza,2026-02-16,2.51,ARIMA,2.8760512276677987,-0.36605122766779896,0.36605122766779896,0.1339935012771028,33
Rhinovirus,2026-02-16,11.76,seasonal_naive,10.13,1.629999999999999,1.629999999999999,2.6568999999999967,33
Rhinovirus,2026-02-16,11.76,ETS,10.922918506748204,0.8370814932517963,0.8370814932517963,0.700705426344657,33
Rhinovirus,2026-02-16,11.76,ARIMA,9.384034722142115,2.375965277857885,2.375965277857885,5.645211001586297,33
RSV,2026-02-16,2.68,seasonal_naive,1.82,0.8600000000000001,0.8600000000000001,0.7396000000000001,33
RSV,2026-02-16,2.68,ETS,0.22954047398795907,2.450459526012041,2.450459526012041,6.004751888623156,33
RSV,2026-02-16,2.68,ARIMA,1.478910073284313,1.2010899267156872,1.2010899267156872,1.4426170120578947,33
Adenovirus,2026-02-23,3.66,seasonal_naive,3.13,0.5300000000000002,0.5300000000000002,0.28090000000000026,34
Adenovirus,2026-02-23,3.66,ETS,3.5596227861237555,0.10037721387624465,0.10037721387624465,0.010075585065557361,34
Adenovirus,2026-02-23,3.66,ARIMA,2.5421423310832125,1.1178576689167876,1.1178576689167876,1.2496057679560744,34
hMPV,2026-02-23,3.43,seasonal_naive,4.02,-0.5899999999999994,0.5899999999999994,0.3480999999999993,34
hMPV,2026-02-23,3.43,ETS,1.1649156588553502,2.26508434114465,2.26508434114465,5.130607072498694,34
hMPV,2026-02-23,3.43,ARIMA,2.2686987918223194,1.1613012081776808,1.1613012081776808,1.348620496114941,34
Influenza,2026-02-23,2.32,seasonal_naive,8.76,-6.4399999999999995,6.4399999999999995,41.47359999999999,34
Influenza,2026-02-23,2.32,ETS,-1.0212541837578784,3.3412541837578784,3.3412541837578784,11.163979520479526,34
Influenza,2026-02-23,2.32,ARIMA,5.610176513182503,-3.290176513182503,3.290176513182503,10.825261487897773,34
Parainfluenza,2026-02-23,2.71,seasonal_naive,1.78,0.9299999999999999,0.9299999999999999,0.8648999999999999,34
Parainfluenza,2026-02-23,2.71,ETS,2.600460411143643,0.10953958885635684,0.10953958885635684,0.011998921526819695,34
Parainfluenza,2026-02-23,2.71,ARIMA,2.9122863962497125,-0.20228639624971256,0.20228639624971256,0.04091978610769573,34
Rhinovirus,2026-02-23,11.38,seasonal_naive,8.43,2.950000000000001,2.950000000000001,8.702500000000006,34
Rhinovirus,2026-02-23,11.38,ETS,10.922935371970068,0.45706462802993286,0.45706462802993286,0.20890807419614088,34
Rhinovirus,2026-02-23,11.38,ARIMA,8.812618019577641,2.5673819804223594,2.5673819804223594,6.5914502333974365,34
RSV,2026-02-23,2.03,seasonal_naive,1.63,0.3999999999999999,0.3999999999999999,0.15999999999999992,34
RSV,2026-02-23,2.03,ETS,0.22954577920362185,1.8004542207963778,1.8004542207963778,3.2416354011834922,34
RSV,2026-02-23,2.03,ARIMA,1.2304614152074351,0.7995385847925647,0.7995385847925647,0.6392619485720972,34
Adenovirus,2026-03-02,3.09,seasonal_naive,3.29,-0.20000000000000018,0.20000000000000018,0.04000000000000007,35
Adenovirus,2026-03-02,3.09,ETS,3.594401439555827,-0.504401439555827,0.504401439555827,0.25442081222599056,35
Adenovirus,2026-03-02,3.09,ARIMA,2.5623459364111474,0.5276540635888525,0.5276540635888525,0.2784188108218288,35
hMPV,2026-03-02,2.97,seasonal_naive,3.54,-0.5699999999999998,0.5699999999999998,0.3248999999999998,35
hMPV,2026-03-02,2.97,ETS,1.1649152378699075,1.8050847621300927,1.8050847621300927,3.2583309984742534,35
hMPV,2026-03-02,2.97,ARIMA,2.1821461425816846,0.7878538574183156,0.7878538574183156,0.6207137006489195,35
Influenza,2026-03-02,1.65,seasonal_naive,6.78,-5.130000000000001,5.130000000000001,26.316900000000008,35
Influenza,2026-03-02,1.65,ETS,-1.0214075269675975,2.6714075269675974,2.6714075269675974,7.136418175139135,35
Influenza,2026-03-02,1.65,ARIMA,5.12279279969253,-3.4727927996925305,3.4727927996925305,12.060289829596284,35
Parainfluenza,2026-03-02,2.85,seasonal_naive,1.91,0.9400000000000002,0.9400000000000002,0.8836000000000003,35
Parainfluenza,2026-03-02,2.85,ETS,2.6004101761509717,0.2495898238490284,0.2495898238490284,0.06229508016898902,35
Parainfluenza,2026-03-02,2.85,ARIMA,2.928382838983625,-0.07838283898362475,0.07838283898362475,0.0061438694471328435,35
Rhinovirus,2026-03-02,11.03,seasonal_naive,9.62,1.4100000000000001,1.4100000000000001,1.9881000000000004,35
Rhinovirus,2026-03-02,11.03,ETS,10.922948864469571,0.107051135530428,0.107051135530428,0.011459945618354063,35
Rhinovirus,2026-03-02,11.03,ARIMA,9.329472775951059,1.7005272240489404,1.7005272240489404,2.891792839731595,35
RSV,2026-03-02,1.39,seasonal_naive,0.83,0.5599999999999999,0.5599999999999999,0.31359999999999993,35
RSV,2026-03-02,1.39,ETS,0.22955002338055497,1.160449976619445,1.160449976619445,1.3466441482360703,35
RSV,2026-03-02,1.39,ARIMA,0.8424651718555594,0.5475348281444405,0.5475348281444405,0.29979438803116204,35
Adenovirus,2026-03-09,3.15,seasonal_naive,2.59,0.56,0.56,0.31360000000000005,36
Adenovirus,2026-03-09,3.15,ETS,3.629180092987898,-0.4791800929878982,0.4791800929878982,0.22961356151589077,36
Adenovirus,2026-03-09,3.15,ARIMA,2.4818993333484456,0.6681006666515543,0.6681006666515543,0.4463585007802513,36
hMPV,2026-03-09,2.88,seasonal_naive,3.55,-0.6699999999999999,0.6699999999999999,0.4488999999999999,36
hMPV,2026-03-09,2.88,ETS,1.1649149010815107,1.7150850989184891,1.7150850989184891,2.9415168965322436,36
hMPV,2026-03-09,2.88,ARIMA,2.177594264948822,0.7024057350511779,0.7024057350511779,0.4933738166327855,36
Influenza,2026-03-09,1.52,seasonal_naive,7.36,-5.84,5.84,34.105599999999995,36
Influenza,2026-03-09,1.52,ETS,-1.0215302015458794,2.5415302015458794,2.5415302015458794,6.459375765369838,36
Influenza,2026-03-09,1.52,ARIMA,5.272296254774264,-3.7522962547742638,3.7522962547742638,14.079727183592967,36
Parainfluenza,2026-03-09,3.58,seasonal_naive,2.06,1.52,1.52,2.3104,36
Parainfluenza,2026-03-09,3.58,ETS,2.6003699853798947,0.9796300146201053,0.9796300146201053,0.9596749655445879,36
Parainfluenza,2026-03-09,3.58,ARIMA,2.9527892787221264,0.6272107212778737,0.6272107212778737,0.3933932888859106,36
Rhinovirus,2026-03-09,11.62,seasonal_naive,8.26,3.3599999999999994,3.3599999999999994,11.289599999999997,36
Rhinovirus,2026-03-09,11.62,ETS,10.92295965872679,0.69704034127321,0.69704034127321,0.4858652373622731,36
Rhinovirus,2026-03-09,11.62,ARIMA,9.397360747908376,2.222639252091623,2.222639252091623,4.94012524493841,36
RSV,2026-03-09,1.08,seasonal_naive,1.08,0,0,0,36
RSV,2026-03-09,1.08,ETS,0.22955341872562385,0.8504465812743762,0.8504465812743762,0.7232593876012742,36
RSV,2026-03-09,1.08,ARIMA,1.0007867390412357,0.07921326095876435,0.07921326095876435,0.006274740711721301,36
Adenovirus,2026-03-16,4.18,seasonal_naive,2.63,1.5499999999999998,1.5499999999999998,2.4024999999999994,37
Adenovirus,2026-03-16,4.18,ETS,3.66395874641997,0.5160412535800298,0.5160412535800298,0.26629857539644863,37
Adenovirus,2026-03-16,4.18,ARIMA,2.480201535090231,1.6997984649097688,1.6997984649097688,2.8893148213096067,37
hMPV,2026-03-16,3.22,seasonal_naive,4.54,-1.3199999999999998,1.3199999999999998,1.7423999999999995,37
hMPV,2026-03-16,3.22,ETS,1.164914631650759,2.055085368349241,2.055085368349241,4.223375871203135,37
hMPV,2026-03-16,3.22,ARIMA,2.3361441569968635,0.8838558430031367,0.8838558430031367,0.7812011512107854,37
Influenza,2026-03-16,1.41,seasonal_naive,6.45,-5.04,5.04,25.401600000000002,37
Influenza,2026-03-16,1.41,ETS,-1.0216283412169098,2.4316283412169097,2.4316283412169097,5.9128163898093,37
Influenza,2026-03-16,1.41,ARIMA,5.050058795165429,-3.6400587951654293,3.6400587951654293,13.250028032261197,37
Parainfluenza,2026-03-16,3.82,seasonal_naive,2.71,1.1099999999999999,1.1099999999999999,1.2320999999999998,37
Parainfluenza,2026-03-16,3.82,ETS,2.6003378305413274,1.2196621694586725,1.2196621694586725,1.4875758076086354,37
Parainfluenza,2026-03-16,3.82,ARIMA,3.001916576818656,0.8180834231813439,0.8180834231813439,0.6692604872841057,37
Rhinovirus,2026-03-16,13.68,seasonal_naive,10.47,3.209999999999999,3.209999999999999,10.304099999999995,37
Rhinovirus,2026-03-16,13.68,ETS,10.922968294338661,2.7570317056613387,2.7570317056613387,7.6012238260218705,37
Rhinovirus,2026-03-16,13.68,ARIMA,10.999565352601474,2.680434647398526,2.680434647398526,7.18472989897446,37
RSV,2026-03-16,1.15,seasonal_naive,1.31,-0.16000000000000014,0.16000000000000014,0.025600000000000046,37
RSV,2026-03-16,1.15,ETS,0.22955613500449681,0.9204438649955031,0.9204438649955031,0.84721690860786,37
RSV,2026-03-16,1.15,ARIMA,1.105833832185807,0.044166167814192914,0.044166167814192914,0.00195065037939145,37
Adenovirus,2026-03-23,4.62,seasonal_naive,3.07,1.5500000000000003,1.5500000000000003,2.4025000000000007,38
Adenovirus,2026-03-23,4.62,ETS,3.698737399852041,0.9212626001479589,0.9212626001479589,0.8487247784313781,38
Adenovirus,2026-03-23,4.62,ARIMA,2.5490403471461933,2.070959652853807,2.070959652853807,4.2888738837483595,38
hMPV,2026-03-23,2.98,seasonal_naive,4.99,-2.0100000000000002,2.0100000000000002,4.040100000000001,38
hMPV,2026-03-23,2.98,ETS,1.1649144161061302,1.8150855838938698,1.8150855838938698,3.29453567685935,38
hMPV,2026-03-23,2.98,ARIMA,2.406264090512203,0.5737359094877972,0.5737359094877972,0.3291728938357898,38
Influenza,2026-03-23,1.3,seasonal_naive,6.17,-4.87,4.87,23.716900000000003,38
Influenza,2026-03-23,1.3,ETS,-1.0217068529604585,2.3217068529604585,2.3217068529604585,5.390322711083556,38
Influenza,2026-03-23,1.3,ARIMA,4.984180227257827,-3.6841802272578272,3.6841802272578272,13.573183946917535,38
Parainfluenza,2026-03-23,3.48,seasonal_naive,2.97,0.5099999999999998,0.5099999999999998,0.2600999999999998,38
Parainfluenza,2026-03-23,3.48,ETS,2.600312104892986,0.879687895107014,0.879687895107014,0.7738507927978088,38
Parainfluenza,2026-03-23,3.48,ARIMA,3.0255328022776795,0.45446719772232047,0.45446719772232047,0.20654043380557874,38
Rhinovirus,2026-03-23,13.8,seasonal_naive,10.37,3.4300000000000015,3.4300000000000015,11.76490000000001,38
Rhinovirus,2026-03-23,13.8,ETS,10.92297520299304,2.8770247970069605,2.8770247970069605,8.277271682592943,38
Rhinovirus,2026-03-23,13.8,ARIMA,11.405437044138843,2.394562955861158,2.394562955861158,5.733931749582525,38
RSV,2026-03-23,1.02,seasonal_naive,0.9,0.12,0.12,0.0144,38
RSV,2026-03-23,1.02,ETS,0.2295583080298495,0.7904416919701505,0.7904416919701505,0.6247980684046343,38
RSV,2026-03-23,1.02,ARIMA,0.7166081276657974,0.3033918723342026,0.3033918723342026,0.09204662819845309,38
Adenovirus,2026-03-30,4.77,seasonal_naive,2.91,1.8599999999999994,1.8599999999999994,3.459599999999998,39
Adenovirus,2026-03-30,4.77,ETS,3.7335160532841125,1.036483946715887,1.036483946715887,1.0742989717997418,39
Adenovirus,2026-03-30,4.77,ARIMA,2.5159489377510487,2.254051062248951,2.254051062248951,5.080746191225624,39
hMPV,2026-03-30,2.94,seasonal_naive,4.26,-1.3199999999999998,1.3199999999999998,1.7423999999999995,39
hMPV,2026-03-30,2.94,ETS,1.1649142436704052,1.7750857563295948,1.7750857563295948,3.1509294423242094,39
hMPV,2026-03-30,2.94,ARIMA,2.282020882978475,0.657979117021525,0.657979117021525,0.4329365184364257,39
Influenza,2026-03-30,1.02,seasonal_naive,4.84,-3.82,3.82,14.5924,39
Influenza,2026-03-30,1.02,ETS,-1.0217696623606767,2.041769662360677,2.041769662360677,4.168823354136433,39
Influenza,2026-03-30,1.02,ARIMA,4.65629839519657,-3.63629839519657,3.63629839519657,13.222666018909152,39
Parainfluenza,2026-03-30,3.83,seasonal_naive,3.42,0.41000000000000014,0.41000000000000014,0.1681000000000001,39
Parainfluenza,2026-03-30,3.83,ETS,2.6002915229522245,1.2297084770477755,1.2297084770477755,1.5121829385231595,39
Parainfluenza,2026-03-30,3.83,ARIMA,3.06616625164561,0.76383374835439,0.76383374835439,0.5834419951251176,39
Rhinovirus,2026-03-30,12.88,seasonal_naive,10.89,1.9900000000000002,1.9900000000000002,3.960100000000001,39
Rhinovirus,2026-03-30,12.88,ETS,10.922980730048453,1.957019269951548,1.957019269951548,3.8299244229616902,39
Rhinovirus,2026-03-30,12.88,ARIMA,11.23328352062778,1.6467164793722215,1.6467164793722215,2.7116751634360443,39
RSV,2026-03-30,1.1,seasonal_naive,1.19,-0.08999999999999986,0.08999999999999986,0.008099999999999975,39
RSV,2026-03-30,1.1,ETS,0.22956004645193512,0.8704399535480649,0.8704399535480649,0.7576657127327574,39
RSV,2026-03-30,1.1,ARIMA,0.9316540792286669,0.16834592077133315,0.16834592077133315,0.028340349040347976,39
Adenovirus,2026-04-06,4.49,seasonal_naive,4.05,0.4400000000000004,0.4400000000000004,0.19360000000000036,40
Adenovirus,2026-04-06,4.49,ETS,3.768294706716184,0.7217052932838164,0.7217052932838164,0.5208585303538794,40
Adenovirus,2026-04-06,4.49,ARIMA,2.663147277178171,1.8268527228218292,1.8268527228218292,3.337390870881531,40
hMPV,2026-04-06,3.2,seasonal_naive,4.03,-0.8300000000000001,0.8300000000000001,0.6889000000000001,40
hMPV,2026-04-06,3.2,ETS,1.164914105721808,2.0350858942781924,2.0350858942781924,4.14157459709007,40
hMPV,2026-04-06,3.2,ARIMA,2.2413699517637595,0.9586300482362407,0.9586300482362407,0.9189715693814171,40
Influenza,2026-04-06,1.24,seasonal_naive,3.77,-2.5300000000000002,2.5300000000000002,6.400900000000001,40
Influenza,2026-04-06,1.24,ETS,-1.0218199098851546,2.261819909885155,2.261819909885155,5.11582930475289,40
Influenza,2026-04-06,1.24,ARIMA,4.392750779583741,-3.152750779583741,3.152750779583741,9.939837478165886,40
Parainfluenza,2026-04-06,3.49,seasonal_naive,4.27,-0.7799999999999994,0.7799999999999994,0.608399999999999,40
Parainfluenza,2026-04-06,3.49,ETS,2.6002750562618666,0.8897249437381336,0.8897249437381336,0.791610475509825,40
Parainfluenza,2026-04-06,3.49,ARIMA,3.1272114588828788,0.36278854111712144,0.36278854111712144,0.13161552556588932,40
Rhinovirus,2026-04-06,13.3,seasonal_naive,10.56,2.74,2.74,7.507600000000001,40
Rhinovirus,2026-04-06,13.3,ETS,10.922985151798311,2.3770148482016893,2.3770148482016893,5.6501995885713,40
Rhinovirus,2026-04-06,13.3,ARIMA,10.136205411161141,3.1637945888388597,3.1637945888388597,10.00959620036605,40
RSV,2026-04-06,0.62,seasonal_naive,0.64,-0.020000000000000018,0.020000000000000018,4.000000000000007e-4,40
RSV,2026-04-06,0.62,ETS,0.22956143719104635,0.3904385628089536,0.3904385628089536,0.15244227132832122,40
RSV,2026-04-06,0.62,ARIMA,0.5731437827774173,0.04685621722258271,0.04685621722258271,0.002195505092409856,40
Adenovirus,2026-04-13,4.88,seasonal_naive,3.84,1.04,1.04,1.0816000000000001,41
Adenovirus,2026-04-13,4.88,ETS,3.803073360148255,1.0769266398517447,1.0769266398517447,1.1597709876223696,41
Adenovirus,2026-04-13,4.88,ARIMA,2.6254199299472663,2.2545800700527336,2.2545800700527336,5.083131292278989,41
hMPV,2026-04-13,2.81,seasonal_naive,4.16,-1.35,1.35,1.8225000000000002,41
hMPV,2026-04-13,2.81,ETS,1.164913995362916,1.645086004637084,1.645086004637084,2.7063079626528044,41
hMPV,2026-04-13,2.81,ARIMA,2.261085340154339,0.5489146598456611,0.5489146598456611,0.30130730379347787,41
Influenza,2026-04-13,0.78,seasonal_naive,3.02,-2.24,2.24,5.017600000000001,41
Influenza,2026-04-13,0.78,ETS,-1.0218601079081797,1.8018601079081797,1.8018601079081797,3.246699848470877,41
Influenza,2026-04-13,0.78,ARIMA,4.208534361411373,-3.428534361411373,3.428534361411373,11.75484786737849,41
Parainfluenza,2026-04-13,4.13,seasonal_naive,4.39,-0.2599999999999998,0.2599999999999998,0.06759999999999988,41
Parainfluenza,2026-04-13,4.13,ETS,2.6002618819993177,1.5297381180006822,1.5297381180006822,2.340098709664269,41
Parainfluenza,2026-04-13,4.13,ARIMA,3.1366853883563133,0.9933146116436866,0.9933146116436866,0.9866739177048479,41
Rhinovirus,2026-04-13,13.25,seasonal_naive,9.6,3.6500000000000004,3.6500000000000004,13.322500000000003,41
Rhinovirus,2026-04-13,13.25,ETS,10.922988689282624,2.327011310717376,2.327011310717376,5.4149816402066,41
Rhinovirus,2026-04-13,13.25,ARIMA,10.075003818620232,3.1749961813797682,3.1749961813797682,10.08060075177611,41
RSV,2026-04-13,0.83,seasonal_naive,0.68,0.1499999999999999,0.1499999999999999,0.022499999999999975,41
RSV,2026-04-13,0.83,ETS,0.22956254978348953,0.6004374502165104,0.6004374502165104,0.36052513162250444,41
RSV,2026-04-13,0.83,ARIMA,0.5798458554522025,0.2501541445477975,0.2501541445477975,0.06257709603444037,41
Adenovirus,2026-04-20,3.51,seasonal_naive,3.28,0.22999999999999998,0.22999999999999998,0.05289999999999999,42
Adenovirus,2026-04-20,3.51,ETS,3.8378520135803265,-0.3278520135803267,0.3278520135803267,0.1074869428086747,42
Adenovirus,2026-04-20,3.51,ARIMA,2.5582063756869475,0.9517936243130523,0.9517936243130523,0.9059111032829756,42
hMPV,2026-04-20,2.14,seasonal_naive,2.95,-0.81,0.81,0.6561000000000001,42
hMPV,2026-04-20,2.14,ETS,1.1649139070757912,0.9750860929242089,0.9750860929242089,0.950792888614199,42
hMPV,2026-04-20,2.14,ARIMA,2.059787006395185,0.08021299360481526,0.08021299360481526,0.006434124343046134,42
Influenza,2026-04-20,0.95,seasonal_naive,2.02,-1.07,1.07,1.1449,42
Influenza,2026-04-20,0.95,ETS,-1.0218922663293541,1.971892266329354,1.971892266329354,3.8883591100095165,42
Influenza,2026-04-20,0.95,ARIMA,3.9617276955361067,-3.0117276955361065,3.0117276955361065,9.070503712059226,42
Parainfluenza,2026-04-20,4.23,seasonal_naive,3.81,0.4200000000000004,0.4200000000000004,0.1764000000000003,42
Parainfluenza,2026-04-20,4.23,ETS,2.6002513418610187,1.6297486581389817,1.6297486581389817,2.6560806887058117,42
Parainfluenza,2026-04-20,4.23,ARIMA,3.075375920437668,1.1546240795623324,1.1546240795623324,1.3331567651051632,42
Rhinovirus,2026-04-20,11.73,seasonal_naive,8.98,2.75,2.75,7.5625,42
Rhinovirus,2026-04-20,11.73,ETS,10.922991519337616,0.8070084806623843,0.8070084806623843,0.6512626878610098,42
Rhinovirus,2026-04-20,11.73,ARIMA,9.951320657555964,1.7786793424440361,1.7786793424440361,3.163700203237149,42
RSV,2026-04-20,0.4,seasonal_naive,0.31,0.09000000000000002,0.09000000000000002,0.008100000000000005,42
RSV,2026-04-20,0.4,ETS,0.22956343985836747,0.17043656014163255,0.17043656014163255,0.02904862103291233,42
RSV,2026-04-20,0.4,ARIMA,0.31393340284257354,0.08606659715742648,0.08606659715742648,0.0074074591462587325,42
Adenovirus,2026-04-27,2.98,seasonal_naive,2.86,0.1200000000000001,0.1200000000000001,0.014400000000000026,43
Adenovirus,2026-04-27,2.98,ETS,3.8726306670123978,-0.8926306670123978,0.8926306670123978,0.7967895076909982,43
Adenovirus,2026-04-27,2.98,ARIMA,2.503507652999386,0.47649234700061394,0.47649234700061394,0.2270449567501535,43
hMPV,2026-04-27,2,seasonal_naive,3.76,-1.7599999999999998,1.7599999999999998,3.0975999999999995,43
hMPV,2026-04-27,2,ETS,1.1649138364460825,0.8350861635539175,0.8350861635539175,0.6973689005592003,43
hMPV,2026-04-27,2,ARIMA,2.1933996317147026,-0.19339963171470265,0.19339963171470265,0.03740341754738262,43
Influenza,2026-04-27,0.56,seasonal_naive,1.58,-1.02,1.02,1.0404,43
Influenza,2026-04-27,0.56,ETS,-1.021917993068497,1.581917993068497,1.581917993068497,2.502464536793861,43
Influenza,2026-04-27,0.56,ARIMA,3.8541150585283783,-3.2941150585283783,3.2941150585283783,10.85119401882342,43
Parainfluenza,2026-04-27,3.93,seasonal_naive,3.98,-0.04999999999999982,0.04999999999999982,0.0024999999999999823,43
Parainfluenza,2026-04-27,3.93,ETS,2.6002429091677315,1.3297570908322687,1.3297570908322687,1.7682539206186985,43
Parainfluenza,2026-04-27,3.93,ARIMA,3.087007222347369,0.8429927776526314,0.8429927776526314,0.7106368231744988,43
Rhinovirus,2026-04-27,9.61,seasonal_naive,10.51,-0.9000000000000004,0.9000000000000004,0.8100000000000006,43
Rhinovirus,2026-04-27,9.61,ETS,10.922993783435645,-1.3129937834356458,1.3129937834356458,1.7239526753406516,43
Rhinovirus,2026-04-27,9.61,ARIMA,11.42541502937832,-1.81541502937832,1.81541502937832,3.2957317288926866,43
RSV,2026-04-27,0.42,seasonal_naive,0.44,-0.020000000000000018,0.020000000000000018,4.000000000000007e-4,43
RSV,2026-04-27,0.42,ETS,0.2295641519190085,0.19043584808099148,0.19043584808099148,0.03626581223432647,43
RSV,2026-04-27,0.42,ARIMA,0.43978989236634286,-0.019789892366342876,0.019789892366342876,3.9163983987143607e-4,43
Adenovirus,2026-05-04,2.21,seasonal_naive,3.18,-0.9700000000000002,0.9700000000000002,0.9409000000000004,44
Adenovirus,2026-05-04,2.21,ETS,3.9074093204444695,-1.6974093204444696,1.6974093204444696,2.881198401131756,44
Adenovirus,2026-05-04,2.21,ARIMA,2.553224599544003,-0.3432245995440031,0.3432245995440031,0.11780312573214129,44
hMPV,2026-05-04,1.95,seasonal_naive,2.78,-0.8299999999999998,0.8299999999999998,0.6888999999999997,44
hMPV,2026-05-04,1.95,ETS,1.1649137799423082,0.7850862200576918,0.7850862200576918,0.6163603729244744,44
hMPV,2026-05-04,1.95,ARIMA,2.0313755655549217,-0.08137556555492176,0.08137556555492176,0.006621982669383368,44
Influenza,2026-05-04,1.19,seasonal_naive,1.58,-0.3900000000000001,0.3900000000000001,0.1521000000000001,44
Influenza,2026-05-04,1.19,ETS,-1.0219385744615739,2.211938574461574,2.211938574461574,4.8926722571911,44
Influenza,2026-05-04,1.19,ARIMA,3.8558439626937573,-2.6658439626937573,2.6658439626937573,7.106724033430755,44
Parainfluenza,2026-05-04,3.73,seasonal_naive,4.32,-0.5900000000000003,0.5900000000000003,0.34810000000000035,44
Parainfluenza,2026-05-04,3.73,ETS,2.6002361625469503,1.1297638374530496,1.1297638374530496,1.2763663284166409,44
Parainfluenza,2026-05-04,3.73,ARIMA,3.109820338534258,0.620179661465742,0.620179661465742,0.38462281249576236,44
Rhinovirus,2026-05-04,12.65,seasonal_naive,11.58,1.0700000000000003,1.0700000000000003,1.1449000000000007,44
Rhinovirus,2026-05-04,12.65,ETS,10.922995594757296,1.7270044052427043,1.7270044052427043,2.9825442157277067,44
Rhinovirus,2026-05-04,12.65,ARIMA,12.158705455654854,0.49129454434514663,0.49129454434514663,0.24137032930330526,44
RSV,2026-05-04,0.26,seasonal_naive,0.26,0,0,0,44
RSV,2026-05-04,0.26,ETS,0.22956472156811228,0.03043527843188773,0.03043527843188773,9.263061732265305e-4,44
RSV,2026-05-04,0.26,ARIMA,0.3264197894394231,-0.06641978943942312,0.06641978943942312,0.004411588429177302,44
Adenovirus,2026-05-11,2.25,seasonal_naive,2.94,-0.69,0.69,0.4760999999999999,45
Adenovirus,2026-05-11,2.25,ETS,3.942187973876541,-1.6921879738765409,1.6921879738765409,2.8635001389323924,45
Adenovirus,2026-05-11,2.25,ARIMA,2.510292343310015,-0.26029234331001483,0.26029234331001483,0.06775210398581862,45
hMPV,2026-05-11,1.34,seasonal_naive,1.69,-0.34999999999999987,0.34999999999999987,0.1224999999999999,45
hMPV,2026-05-11,1.34,ETS,1.164913734739283,0.17508626526071702,0.17508626526071702,0.030655200282946164,45
hMPV,2026-05-11,1.34,ARIMA,1.8516322723731826,-0.5116322723731825,0.5116322723731825,0.26176758213374646,45
Influenza,2026-05-11,1.05,seasonal_naive,1.27,-0.21999999999999997,0.21999999999999997,0.04839999999999999,45
Influenza,2026-05-11,1.05,ETS,-1.0219550395774457,2.0719550395774458,2.0719550395774458,4.2929976860303745,45
Influenza,2026-05-11,1.05,ARIMA,3.7801456905380983,-2.730145690538098,2.730145690538098,7.4536954915637486,45
Parainfluenza,2026-05-11,3.5,seasonal_naive,4.03,-0.5300000000000002,0.5300000000000002,0.28090000000000026,45
Parainfluenza,2026-05-11,3.5,ETS,2.600230764877379,0.899769235122621,0.899769235122621,0.8095846764731464,45
Parainfluenza,2026-05-11,3.5,ARIMA,3.0797534026954025,0.42024659730459746,0.42024659730459746,0.1766072025460925,45
Rhinovirus,2026-05-11,11.91,seasonal_naive,10.9,1.0099999999999998,1.0099999999999998,1.0200999999999996,45
Rhinovirus,2026-05-11,11.91,ETS,10.922997043849202,0.987002956150798,0.987002956150798,0.9741748354504142,45
Rhinovirus,2026-05-11,11.91,ARIMA,11.315112606905272,0.5948873930947283,0.5948873930947283,0.3538910104630418,45
RSV,2026-05-11,0.31,seasonal_naive,0.19,0.12,0.12,0.0144,45
RSV,2026-05-11,0.31,ETS,0.22956517728786807,0.08043482271213193,0.08043482271213193,0.006469760704732094,45
RSV,2026-05-11,0.31,ARIMA,0.23146641672098536,0.07853358327901463,0.07853358327901463,0.006167523702641927,45
Adenovirus,2026-05-18,2.24,seasonal_naive,2.63,-0.3899999999999997,0.3899999999999997,0.15209999999999976,46
Adenovirus,2026-05-18,2.24,ETS,3.976966627308612,-1.736966627308612,1.736966627308612,3.0170530643838545,46
Adenovirus,2026-05-18,2.24,ARIMA,2.4659848656922163,-0.2259848656922161,0.2259848656922161,0.05106915952192895,46
hMPV,2026-05-18,0.78,seasonal_naive,1.51,-0.73,0.73,0.5328999999999999,46
hMPV,2026-05-18,0.78,ETS,1.1649136985768584,-0.3849136985768584,0.3849136985768584,0.1481585553521166,46
hMPV,2026-05-18,0.78,ARIMA,1.8228729348322936,-1.0428729348322936,1.0428729348322936,1.0875839582057212,46
Influenza,2026-05-18,0.97,seasonal_naive,1.18,-0.20999999999999996,0.20999999999999996,0.044099999999999986,46
Influenza,2026-05-18,0.97,ETS,-1.0219682116712712,1.9919682116712711,1.9919682116712711,3.967937356308842,46
Influenza,2026-05-18,0.97,ARIMA,3.759052534807552,-2.789052534807552,2.789052534807552,7.77881404191643,46
Parainfluenza,2026-05-18,3.43,seasonal_naive,5.33,-1.9,1.9,3.61,46
Parainfluenza,2026-05-18,3.43,ETS,2.6002264464433447,0.8297735535566555,0.8297735535566555,0.6885241501820398,46
Parainfluenza,2026-05-18,3.43,ARIMA,3.1835298061104624,0.24647019388953773,0.24647019388953773,0.06074755647594632,46
Rhinovirus,2026-05-18,13.7,seasonal_naive,11.07,2.629999999999999,2.629999999999999,6.916899999999995,46
Rhinovirus,2026-05-18,13.7,ETS,10.922998203150394,2.7770017968496052,2.7770017968496052,7.711738979705936,46
Rhinovirus,2026-05-18,13.7,ARIMA,11.054761537041404,2.645238462958595,2.645238462958595,6.99728652591555,46
RSV,2026-05-18,0.34,seasonal_naive,0.27,0.07,0.07,0.004900000000000001,46
RSV,2026-05-18,0.34,ETS,0.22956554186405093,0.1104344581359491,0.1104344581359491,0.012195769543780694,46
RSV,2026-05-18,0.34,ARIMA,0.26569848590110506,0.07430151409889496,0.07430151409889496,0.005520714997388287,46
Adenovirus,2026-05-25,2.63,seasonal_naive,2.36,0.27,0.27,0.0729,47
Adenovirus,2026-05-25,2.63,ETS,4.0117452807406835,-1.3817452807406836,1.3817452807406836,1.9092200208491505,47
Adenovirus,2026-05-25,2.63,ARIMA,2.4388259155751673,0.19117408442483264,0.19117408442483264,0.03654753055567304,47
hMPV,2026-05-25,1.29,seasonal_naive,1.09,0.19999999999999996,0.19999999999999996,0.03999999999999998,47
hMPV,2026-05-25,1.29,ETS,1.1649136696469151,0.12508633035308492,0.12508633035308492,0.015646590041201093,47
hMPV,2026-05-25,1.29,ARIMA,1.7547185712513544,-0.4647185712513544,0.4647185712513544,0.21596335046590015,47
Influenza,2026-05-25,0.92,seasonal_naive,0.87,0.050000000000000044,0.050000000000000044,0.0025000000000000044,47
Influenza,2026-05-25,0.92,ETS,-1.021978749347234,1.9419787493472342,1.9419787493472342,3.771281462916248,47
Influenza,2026-05-25,0.92,ARIMA,3.6829990513850195,-2.7629990513850196,2.7629990513850196,7.634163757954518,47
Parainfluenza,2026-05-25,3.55,seasonal_naive,4.57,-1.0200000000000005,1.0200000000000005,1.0404000000000009,47
Parainfluenza,2026-05-25,3.55,ETS,2.600222991457398,0.9497770085426018,0.9497770085426018,0.9020763659561335,47
Parainfluenza,2026-05-25,3.55,ARIMA,3.118451234517897,0.43154876548210286,0.43154876548210286,0.186234336989127,47
Rhinovirus,2026-05-25,11.96,seasonal_naive,10.76,1.200000000000001,1.200000000000001,1.4400000000000026,47
Rhinovirus,2026-05-25,11.96,ETS,10.922999130613483,1.0370008693865174,1.0370008693865174,1.0753708031083928,47
Rhinovirus,2026-05-25,11.96,ARIMA,11.02568229729285,0.9343177027071512,0.9343177027071512,0.8729495695919686,47
RSV,2026-05-25,0.24,seasonal_naive,0.32,-0.08000000000000002,0.08000000000000002,0.006400000000000003,47
RSV,2026-05-25,0.24,ETS,0.22956583352529977,0.010434166474700218,0.010434166474700218,1.0887183002175798e-4,47
RSV,2026-05-25,0.24,ARIMA,0.3323738986812483,-0.09237389868124829,0.09237389868124829,0.008532937157573525,47
Adenovirus,2026-06-01,2.62,seasonal_naive,2.17,0.4500000000000002,0.4500000000000002,0.20250000000000015,48
Adenovirus,2026-06-01,2.62,ETS,4.046523934172755,-1.4265239341727547,1.4265239341727547,2.0349705347677136,48
Adenovirus,2026-06-01,2.62,ARIMA,2.4351309154329237,0.1848690845670764,0.1848690845670764,0.03417657842866885,48
hMPV,2026-06-01,0.39,seasonal_naive,1.02,-0.63,0.63,0.39690000000000003,48
hMPV,2026-06-01,0.39,ETS,1.1649136465029575,-0.7749136465029575,0.7749136465029575,0.6004911595365106,48
hMPV,2026-06-01,0.39,ARIMA,1.7447234854552698,-1.3547234854552697,1.3547234854552697,1.8352757220440743,48
Influenza,2026-06-01,0.41,seasonal_naive,0.69,-0.27999999999999997,0.27999999999999997,0.07839999999999998,48
Influenza,2026-06-01,0.41,ETS,-1.0219871794887263,1.4319871794887262,1.4319871794887262,2.0505872822200772,48
Influenza,2026-06-01,0.41,ARIMA,3.639179219598491,-3.2291792195984907,3.2291792195984907,10.427598432286718,48
Parainfluenza,2026-06-01,4.06,seasonal_naive,3.42,0.6399999999999997,0.6399999999999997,0.4095999999999996,48
Parainfluenza,2026-06-01,4.06,ETS,2.6002202272776525,1.4597797727223472,1.4597797727223472,2.1309569848493077,48
Parainfluenza,2026-06-01,4.06,ARIMA,3.0165471998335964,1.0434528001664032,1.0434528001664032,1.0887937461751078,48
Rhinovirus,2026-06-01,9.96,seasonal_naive,11.91,-1.9499999999999993,1.9499999999999993,3.802499999999997,48
Rhinovirus,2026-06-01,9.96,ETS,10.922999872601663,-0.962999872601662,0.962999872601662,0.9273687546308172,48
Rhinovirus,2026-06-01,9.96,ARIMA,11.239900441801433,-1.2799004418014324,1.2799004418014324,1.6381451409235017,48
RSV,2026-06-01,0.37,seasonal_naive,0.16,0.21,0.21,0.04409999999999999,48
RSV,2026-06-01,0.37,ETS,0.22956606685454092,0.14043393314545907,0.14043393314545907,0.01972168957870327,48
RSV,2026-06-01,0.37,ARIMA,0.2806325565726619,0.0893674434273381,0.0893674434273381,0.007986539944738476,48
Adenovirus,2026-06-08,3.25,seasonal_naive,2.15,1.1,1.1,1.2100000000000002,49
Adenovirus,2026-06-08,3.25,ETS,4.081302587604826,-0.8313025876048261,0.8313025876048261,0.6910639921584796,49
Adenovirus,2026-06-08,3.25,ARIMA,2.41541385504131,0.8345861449586902,0.8345861449586902,0.6965340333570079,49
hMPV,2026-06-08,1.04,seasonal_naive,0.85,0.19000000000000006,0.19000000000000006,0.03610000000000002,49
hMPV,2026-06-08,1.04,ETS,1.164913627987789,-0.12491362798778893,0.12491362798778893,0.015603414457071727,49
hMPV,2026-06-08,1.04,ARIMA,1.7183513484584434,-0.6783513484584434,0.6783513484584434,0.46016055195538846,49
Influenza,2026-06-08,0.82,seasonal_naive,1.09,-0.27000000000000013,0.27000000000000013,0.07290000000000008,49
Influenza,2026-06-08,0.82,ETS,-1.0219939236024977,1.8419939236024976,1.8419939236024976,3.3929416145885236,49
Influenza,2026-06-08,0.82,ARIMA,3.7396910497334908,-2.919691049733491,2.919691049733491,8.524595825893854,49
Parainfluenza,2026-06-08,3.24,seasonal_naive,3.84,-0.5999999999999996,0.5999999999999996,0.3599999999999996,49
Parainfluenza,2026-06-08,3.24,ETS,2.600218015781055,0.6397819842189452,0.6397819842189452,0.4093209873311306,49
Parainfluenza,2026-06-08,3.24,ARIMA,3.0430736234867246,0.1969263765132756,0.1969263765132756,0.03877999776664839,49
Rhinovirus,2026-06-08,8.58,seasonal_naive,10.02,-1.4399999999999995,1.4399999999999995,2.0735999999999986,49
Rhinovirus,2026-06-08,8.58,ETS,10.923000466206373,-2.343000466206373,2.343000466206373,5.489651184643281,49
Rhinovirus,2026-06-08,8.58,ARIMA,10.056626779770752,-1.4766267797707524,1.4766267797707524,2.180426646736142,49
RSV,2026-06-08,0.41,seasonal_naive,0.26,0.14999999999999997,0.14999999999999997,0.02249999999999999,49
RSV,2026-06-08,0.41,ETS,0.22956625351812748,0.1804337464818725,0.1804337464818725,0.032556336869484635,49
RSV,2026-06-08,0.41,ARIMA,0.6054516659012146,-0.1954516659012146,0.1954516659012146,0.038201353703560016,49
Adenovirus,2026-06-15,3.3,seasonal_naive,2.21,1.0899999999999999,1.0899999999999999,1.1880999999999997,50
Adenovirus,2026-06-15,3.3,ETS,4.116081241036897,-0.8160812410368976,0.8160812410368976,0.665988591972323,50
Adenovirus,2026-06-15,3.3,ARIMA,2.4157267901507766,0.8842732098492232,0.8842732098492232,0.7819391096570483,50
hMPV,2026-06-15,0.87,seasonal_naive,1.17,-0.29999999999999993,0.29999999999999993,0.08999999999999996,50
hMPV,2026-06-15,0.87,ETS,1.1649136131756523,-0.29491361317565234,0.29491361317565234,0.0869740392363183,50
hMPV,2026-06-15,0.87,ARIMA,1.7731676888806334,-0.9031676888806334,0.9031676888806334,0.8157118742379845,50
Influenza,2026-06-15,0.45,seasonal_naive,0.84,-0.38999999999999996,0.38999999999999996,0.15209999999999996,50
Influenza,2026-06-15,0.45,ETS,-1.0219993188939769,1.4719993188939768,1.4719993188939768,2.1667819948243316,50
Influenza,2026-06-15,0.45,ARIMA,3.678198848195965,-3.228198848195965,3.228198848195965,10.421267803493755,50
Parainfluenza,2026-06-15,2.78,seasonal_naive,3.4,-0.6200000000000001,0.6200000000000001,0.38440000000000013,50
Parainfluenza,2026-06-15,2.78,ETS,2.600216246461528,0.17978375353847165,0.17978375353847165,0.032322198036381915,50
Parainfluenza,2026-06-15,2.78,ARIMA,3.00845917328438,-0.22845917328438015,0.22845917328438015,0.05219359385778243,50
Rhinovirus,2026-06-15,10.49,seasonal_naive,9.51,0.9800000000000004,0.9800000000000004,0.9604000000000008,50
Rhinovirus,2026-06-15,10.49,ETS,10.923000941101474,-0.4330009411014739,0.4330009411014739,0.18748981499476208,50
Rhinovirus,2026-06-15,10.49,ARIMA,10.112952509507844,0.37704749049215636,0.37704749049215636,0.14216481008643272,50
RSV,2026-06-15,0.16,seasonal_naive,0.17,-0.010000000000000009,0.010000000000000009,1.0000000000000018e-4,50
RSV,2026-06-15,0.16,ETS,0.22956640284915164,-0.06956640284915164,0.06956640284915164,0.004839484405370453,50
RSV,2026-06-15,0.16,ARIMA,0.18659661979572573,-0.026596619795725723,0.026596619795725723,7.073801845583894e-4,50
Adenovirus,2026-06-22,2.36,seasonal_naive,2.66,-0.30000000000000027,0.30000000000000027,0.09000000000000016,51
Adenovirus,2026-06-22,2.36,ETS,4.150859894468969,-1.7908598944689689,1.7908598944689689,3.207179161617406,51
Adenovirus,2026-06-22,2.36,ARIMA,2.478727603083519,-0.11872760308351893,0.11872760308351893,0.014096243733957613,51
hMPV,2026-06-22,1.07,seasonal_naive,1.18,-0.10999999999999988,0.10999999999999988,0.012099999999999972,51
hMPV,2026-06-22,1.07,ETS,1.1649136013259414,-0.09491360132594129,0.09491360132594129,0.009008591716659724,51
hMPV,2026-06-22,1.07,ARIMA,1.7767322319378738,-0.7067322319378737,0.7067322319378737,0.4994704476598885,51
Influenza,2026-06-22,0.41,seasonal_naive,0.98,-0.5700000000000001,0.5700000000000001,0.3249000000000001,51
Influenza,2026-06-22,0.41,ETS,-1.02200363512753,1.4320036351275298,1.4320036351275298,2.0506344110184593,51
Influenza,2026-06-22,0.41,ARIMA,3.7137454914943966,-3.3037454914943964,3.3037454914943964,10.914734272569552,51
Parainfluenza,2026-06-22,2.08,seasonal_naive,3.07,-0.9899999999999998,0.9899999999999998,0.9800999999999995,51
Parainfluenza,2026-06-22,2.08,ETS,2.6002148309081,-0.5202148309080998,0.5202148309080998,0.2706234702967429,51
Parainfluenza,2026-06-22,2.08,ARIMA,2.9761140760710227,-0.8961140760710227,0.8961140760710227,0.8030204373326226,51
Rhinovirus,2026-06-22,11.19,seasonal_naive,11.17,0.019999999999999574,0.019999999999999574,3.9999999999998294e-4,51
Rhinovirus,2026-06-22,11.19,ETS,10.923001321026623,0.26699867897337626,0.26699867897337626,0.07128829457352803,51
Rhinovirus,2026-06-22,11.19,ARIMA,11.258288630572133,-0.06828863057213397,0.06828863057213397,0.00466333706541739,51
RSV,2026-06-22,0.24,seasonal_naive,0.18,0.06,0.06,0.0036,51
RSV,2026-06-22,0.24,ETS,0.22956652231409488,0.010433477685905107,0.010433477685905107,1.0885745662227979e-4,51
RSV,2026-06-22,0.24,ARIMA,0.2132636954098632,0.02673630459013679,0.02673630459013679,7.148299831365695e-4,51
Adenovirus,2026-06-29,1.79,seasonal_naive,2.28,-0.48999999999999977,0.48999999999999977,0.24009999999999979,52
Adenovirus,2026-06-29,1.79,ETS,4.18563854790104,-2.39563854790104,2.39563854790104,5.739084052189404,52
Adenovirus,2026-06-29,1.79,ARIMA,2.4306816125431596,-0.6406816125431596,0.6406816125431596,0.41047292865090323,52
hMPV,2026-06-29,0.83,seasonal_naive,1.17,-0.33999999999999997,0.33999999999999997,0.11559999999999998,52
hMPV,2026-06-29,0.83,ETS,1.1649135918461715,-0.33491359184617153,0.33491359184617153,0.11216711400330398,52
hMPV,2026-06-29,0.83,ARIMA,1.7769815245350458,-0.9469815245350458,0.9469815245350458,0.8967740078107196,52
Influenza,2026-06-29,0.34,seasonal_naive,0.49,-0.14999999999999997,0.14999999999999997,0.02249999999999999,52
Influenza,2026-06-29,0.34,ETS,-1.0220070881146683,1.3620070881146684,1.3620070881146684,1.8550633080745982,52
Influenza,2026-06-29,0.34,ARIMA,3.592295482791676,-3.252295482791676,3.252295482791676,10.577425907387141,52
Parainfluenza,2026-06-29,2.32,seasonal_naive,3.15,-0.8300000000000001,0.8300000000000001,0.6889000000000001,52
Parainfluenza,2026-06-29,2.32,ETS,2.6002136983871074,-0.2802136983871075,0.2802136983871075,0.07851971676378086,52
Parainfluenza,2026-06-29,2.32,ARIMA,2.9821847659434275,-0.6621847659434277,0.6621847659434277,0.4384886642475521,52
Rhinovirus,2026-06-29,10.01,seasonal_naive,10.79,-0.7799999999999994,0.7799999999999994,0.608399999999999,52
Rhinovirus,2026-06-29,10.01,ETS,10.923001624973997,-0.9130016249739974,0.9130016249739974,0.8335719672051598,52
Rhinovirus,2026-06-29,10.01,ARIMA,10.691182935608976,-0.6811829356089767,0.6811829356089767,0.4640101917648633,52
RSV,2026-06-29,0.15,seasonal_naive,0.19,-0.04000000000000001,0.04000000000000001,0.0016000000000000007,52
RSV,2026-06-29,0.15,ETS,0.22956661788614866,-0.07956661788614866,0.07956661788614866,0.006330846681840392,52
RSV,2026-06-29,0.15,ARIMA,0.2232765910975496,-0.07327659109754961,0.07327659109754961,0.005369458802877486,52
