disease,model,horizon,forecasts,MAE,RMSE
Adenovirus,STL_ETS,1,52,0.4507418134497196,0.5789226033741685
Adenovirus,seasonal_naive,2,52,0.5013461538461539,0.6553668966546672
Adenovirus,seasonal_naive,3,52,0.4994230769230769,0.6551027517760976
Adenovirus,seasonal_naive,4,52,0.500576923076923,0.6556485338960196
Influenza,ARIMA,1,52,0.8048474951213798,1.22480749374836
Influenza,ARIMA,2,52,1.4585494509511991,2.3105743609062803
Influenza,ARIMA,3,52,2.045816401422072,3.0101385507686333
Influenza,STL_ETS,4,52,2.271867776509011,3.665041198397511
Parainfluenza,ARIMA,1,52,0.37024978471690395,0.4698006280624469
Parainfluenza,ARIMA,2,52,0.44984320950271905,0.5730090612862242
Parainfluenza,ARIMA,3,52,0.4856938105967828,0.6087136675927993
Parainfluenza,ARIMA,4,52,0.5161169868448348,0.6356595337741274
RSV,ARIMA,1,52,0.3138501229997915,0.42119045300095187
RSV,ARIMA,2,52,0.46901748559539114,0.7200809688557268
RSV,ARIMA,3,52,0.7448819173373802,1.0146524972014381
RSV,ARIMA,4,52,0.9344165098446012,1.3215951944097988
Rhinovirus,ARIMA,1,52,1.1168541048381122,1.401724256223142
Rhinovirus,ARIMA,2,52,1.2968851379696518,1.7108626677033048
Rhinovirus,ARIMA,3,52,1.4433928448544355,1.8488841493840833
Rhinovirus,ARIMA,4,52,1.321928307300162,1.7305115306476184
hMPV,ARIMA,1,52,0.3559464047783701,0.44118092459812963
hMPV,ARIMA,2,52,0.372051310848366,0.4925234714702002
hMPV,ARIMA,3,52,0.42512968473376245,0.5238692683902099
hMPV,ARIMA,4,52,0.4817966743763349,0.6214107388100137
