disease,model,forecasts,MAE,RMSE
Adenovirus,seasonal_naive,208,0.501201923076923,0.655778676900159
Adenovirus,STL_ETS,208,0.5805996228208603,0.757285702344998
Adenovirus,ARIMA,208,0.6287159999258396,0.8361991698224749
Influenza,ARIMA,208,1.657249064887611,2.5792600881350265
Influenza,STL_ETS,208,1.7842846620471156,3.0549515260538787
Influenza,seasonal_naive,208,3.2733173076923077,4.469790962673758
Parainfluenza,ARIMA,208,0.45547594791531015,0.5752493777563361
Parainfluenza,STL_ETS,208,0.5320073842911296,0.6825314002824663
Parainfluenza,seasonal_naive,208,0.7255769230769231,0.8468374423973906
RSV,ARIMA,208,0.6155415089442909,0.9316720919094251
RSV,STL_ETS,208,0.8331178782970644,1.2032588304416252
RSV,seasonal_naive,208,1.1437019230769236,1.8737148159574495
Rhinovirus,ARIMA,208,1.2947650987405903,1.6811398449990156
Rhinovirus,STL_ETS,208,1.7407536565552346,2.249506925436957
Rhinovirus,seasonal_naive,208,2.4793749999999997,3.04472613079378
hMPV,ARIMA,208,0.40873101868420836,0.5238822135867991
hMPV,STL_ETS,208,0.5404764768136235,0.6981167055040459
hMPV,seasonal_naive,208,0.6499038461538461,0.7862398342255859
