disease,season,season_start_year,peak_date,peak_epiweek,peak_positivity
Adenovirus,2017/18,2017,2017-07-31,31,5.25
Adenovirus,2018/19,2018,2019-06-10,24,5.38
Adenovirus,2019/20,2019,2019-07-08,28,5.27
Adenovirus,2020/21,2020,2021-04-26,17,3.58
Adenovirus,2021/22,2021,2022-02-28,9,4.29
Adenovirus,2022/23,2022,2022-07-18,29,6.25
Adenovirus,2023/24,2023,2024-06-03,23,2.52
Adenovirus,2024/25,2024,2025-04-07,15,4.05
Adenovirus,2025/26,2025,2026-04-13,16,4.88
Adenovirus,2026/27,2026,2026-07-13,29,2.76
Influenza,2017/18,2017,2018-02-12,7,25.94
Influenza,2018/19,2018,2019-02-04,6,28.12
Influenza,2019/20,2019,2019-12-23,52,25.87
Influenza,2020/21,2020,2020-11-16,47,0.26
Influenza,2021/22,2021,2022-04-04,14,5.02
Influenza,2022/23,2022,2022-12-19,51,32.64
Influenza,2023/24,2023,2024-01-22,4,17.6
Influenza,2024/25,2024,2024-12-23,52,26.66
Influenza,2025/26,2025,2025-12-01,49,21.44
Influenza,2026/27,2026,2026-09-14,38,3.74
Parainfluenza,2017/18,2017,2018-05-28,22,8.78
Parainfluenza,2018/19,2018,2019-04-29,18,8.76
Parainfluenza,2019/20,2019,2019-10-28,44,5.13
Parainfluenza,2020/21,2020,2021-05-31,22,14.11
Parainfluenza,2021/22,2021,2021-07-05,27,8.7
Parainfluenza,2022/23,2022,2023-04-10,15,6.67
Parainfluenza,2023/24,2023,2024-04-01,14,7.75
Parainfluenza,2024/25,2024,2025-05-19,21,5.33
Parainfluenza,2025/26,2025,2026-04-20,17,4.23
Parainfluenza,2026/27,2026,2026-08-10,33,3.31
RSV,2017/18,2017,2017-11-20,47,22.79
RSV,2018/19,2018,2018-11-26,48,25.35
RSV,2019/20,2019,2019-12-02,49,16.47
RSV,2020/21,2020,2021-06-28,26,3.62
RSV,2021/22,2021,2021-08-02,31,15
RSV,2022/23,2022,2022-11-21,47,13.68
RSV,2023/24,2023,2023-11-20,47,14.1
RSV,2024/25,2024,2024-11-25,48,15.26
RSV,2025/26,2025,2025-12-01,49,10.86
RSV,2026/27,2026,2026-09-07,37,0.61
Rhinovirus,2017/18,2017,2017-10-02,40,26.81
Rhinovirus,2018/19,2018,2018-09-17,38,21.52
Rhinovirus,2019/20,2019,2019-09-23,39,25.97
Rhinovirus,2020/21,2020,2020-09-21,39,24.49
Rhinovirus,2021/22,2021,2021-09-20,38,22.97
Rhinovirus,2022/23,2022,2022-09-19,38,24.35
Rhinovirus,2023/24,2023,2023-10-02,40,24.69
Rhinovirus,2024/25,2024,2024-09-23,39,17.26
Rhinovirus,2025/26,2025,2025-09-29,40,20.38
Rhinovirus,2026/27,2026,2026-09-14,38,12.78
hMPV,2017/18,2017,2017-12-25,52,6.62
hMPV,2018/19,2018,2019-03-18,12,5.54
hMPV,2019/20,2019,2020-03-02,10,4.92
hMPV,2020/21,2020,2021-04-26,17,1.66
hMPV,2021/22,2021,2021-11-29,48,10.76
hMPV,2022/23,2022,2022-12-26,52,5.54
hMPV,2023/24,2023,2023-12-25,52,4.58
hMPV,2024/25,2024,2025-03-24,13,4.99
hMPV,2025/26,2025,2026-02-02,6,4.46
hMPV,2026/27,2026,2026-07-06,28,0.62
