lag_weeks,correlation,paired_weeks,season
-6,0.20027521571472195,47,2024/25
-5,0.30608407218538974,48,2024/25
-4,0.420228283474389,49,2024/25
-3,0.5403244546332127,50,2024/25
-2,0.6622366584981731,51,2024/25
-1,0.7905259841629119,52,2024/25
0,0.8867951053699982,53,2024/25
1,0.9082588260813549,52,2024/25
2,0.875957827098657,51,2024/25
3,0.8330961091839252,50,2024/25
4,0.7825073546337936,49,2024/25
5,0.7187211354617384,48,2024/25
6,0.6393479125955587,47,2024/25
-6,0.5757584100231485,46,2025/26
-5,0.6510702291717688,47,2025/26
-4,0.7502644389841547,48,2025/26
-3,0.8231904565151289,49,2025/26
-2,0.8473106828354037,50,2025/26
-1,0.8610311156981283,51,2025/26
0,0.8591291544655224,52,2025/26
1,0.8213661726156686,51,2025/26
2,0.7394204543290885,50,2025/26
3,0.6342430919767139,49,2025/26
4,0.5085620148160034,48,2025/26
5,0.3797858375641843,47,2025/26
6,0.2447453467445373,46,2025/26
