disease,season,observations,signals,signal_percent
Adenovirus,2017/18,52,21,40.38
Adenovirus,2018/19,52,15,28.85
Adenovirus,2019/20,53,6,11.32
Adenovirus,2020/21,52,0,0
Adenovirus,2021/22,52,7,13.46
Adenovirus,2022/23,52,19,36.54
Adenovirus,2023/24,52,0,0
Adenovirus,2024/25,53,1,1.89
Adenovirus,2025/26,52,3,5.77
Influenza,2017/18,52,18,34.62
Influenza,2018/19,52,17,32.69
Influenza,2019/20,53,4,7.55
Influenza,2020/21,52,0,0
Influenza,2021/22,52,0,0
Influenza,2022/23,52,11,21.15
Influenza,2023/24,52,0,0
Influenza,2024/25,53,5,9.43
Influenza,2025/26,52,11,21.15
Parainfluenza,2017/18,52,19,36.54
Parainfluenza,2018/19,52,7,13.46
Parainfluenza,2019/20,53,13,24.53
Parainfluenza,2020/21,52,6,11.54
Parainfluenza,2021/22,52,3,5.77
Parainfluenza,2022/23,52,0,0
Parainfluenza,2023/24,52,14,26.92
Parainfluenza,2024/25,53,1,1.89
Parainfluenza,2025/26,52,6,11.54
RSV,2017/18,52,11,21.15
RSV,2018/19,52,11,21.15
RSV,2019/20,53,8,15.09
RSV,2020/21,52,0,0
RSV,2021/22,52,30,57.69
RSV,2022/23,52,2,3.85
RSV,2023/24,52,0,0
RSV,2024/25,53,1,1.89
RSV,2025/26,52,2,3.85
Rhinovirus,2017/18,52,26,50
Rhinovirus,2018/19,52,9,17.31
Rhinovirus,2019/20,53,3,5.66
Rhinovirus,2020/21,52,3,5.77
Rhinovirus,2021/22,52,1,1.92
Rhinovirus,2022/23,52,13,25
Rhinovirus,2023/24,52,5,9.62
Rhinovirus,2024/25,53,1,1.89
Rhinovirus,2025/26,52,8,15.38
hMPV,2017/18,52,3,5.77
hMPV,2018/19,52,16,30.77
hMPV,2019/20,53,9,16.98
hMPV,2020/21,52,0,0
hMPV,2021/22,52,22,42.31
hMPV,2022/23,52,0,0
hMPV,2023/24,52,3,5.77
hMPV,2024/25,53,10,18.87
hMPV,2025/26,52,1,1.92
