date,season,disease,positivity,expected_positivity,upper_threshold,relative_to_expected
2021-07-26,2021/22,RSV,14.56,0.4,11.235999999999997,36.4
2021-07-19,2021/22,RSV,12.99,0.37,10.157999999999998,35.10810810810811
2021-08-09,2021/22,RSV,14.11,0.63,10.861999999999997,22.396825396825395
2022-06-27,2021/22,RSV,5.02,0.26,4.459999999999999,19.307692307692307
2021-08-23,2021/22,RSV,13.68,0.79,9.275999999999996,17.31645569620253
2021-07-05,2021/22,RSV,6.88,0.4,6.139999999999999,17.2
2021-08-02,2021/22,RSV,15,0.89,11.283999999999997,16.853932584269664
2021-08-16,2021/22,RSV,13.71,0.86,9.917999999999997,15.94186046511628
2022-06-20,2021/22,RSV,4.8,0.32,3.967999999999999,15
2022-05-30,2021/22,RSV,4.64,0.37,3.5399999999999987,12.54054054054054
2021-07-12,2021/22,RSV,8.85,0.71,8.117999999999999,12.464788732394366
2022-05-23,2021/22,RSV,4.16,0.36,2.887999999999999,11.555555555555557
2021-08-30,2021/22,RSV,12.87,1.22,8.909999999999997,10.549180327868852
2022-06-06,2021/22,RSV,4.07,0.41,2.9699999999999993,9.926829268292684
2025-10-27,2025/26,Influenza,11.95,1.32,10.209999999999997,9.053030303030303
2021-09-13,2021/22,RSV,9.23,1.1,6.845999999999998,8.39090909090909
2021-09-06,2021/22,RSV,9.94,1.19,7.287999999999997,8.352941176470589
2022-06-13,2021/22,RSV,3.83,0.46,2.9539999999999993,8.326086956521738
2022-05-09,2021/22,RSV,3.34,0.43,2.487999999999999,7.767441860465116
2025-11-03,2025/26,Influenza,12.87,1.7,10.909999999999998,7.570588235294117
2021-09-20,2021/22,RSV,8.02,1.17,6.075999999999998,6.854700854700854
2021-10-04,2021/22,hMPV,3.37,0.54,2.341999999999999,6.2407407407407405
2022-05-16,2021/22,RSV,3.04,0.51,2.1639999999999993,5.96078431372549
2025-12-01,2025/26,Influenza,21.44,3.77,19.668,5.687002652519894
2021-09-27,2021/22,hMPV,3.32,0.6,2.295999999999999,5.533333333333333
2025-10-06,2025/26,Influenza,6.66,1.22,5.783999999999999,5.4590163934426235
2025-10-20,2025/26,Influenza,9.47,1.74,8.177999999999999,5.442528735632184
2021-10-18,2021/22,hMPV,3.85,0.71,2.9419999999999993,5.422535211267606
2021-10-11,2021/22,hMPV,3.93,0.76,2.781999999999999,5.171052631578948
2021-11-15,2021/22,hMPV,8.08,1.63,6.187999999999999,4.957055214723927
2019-02-04,2018/19,Influenza,28.12,5.73,25.715999999999998,4.907504363001745
2021-09-27,2021/22,RSV,9.25,1.89,6.901999999999998,4.894179894179895
2018-03-12,2017/18,Influenza,18.65,3.86,15.729999999999997,4.83160621761658
2022-05-02,2021/22,RSV,2.11,0.44,1.6819999999999995,4.795454545454545
2021-11-29,2021/22,hMPV,10.76,2.27,8.303999999999998,4.740088105726872
2021-11-08,2021/22,hMPV,7.04,1.54,5.2559999999999985,4.571428571428571
2025-11-24,2025/26,Influenza,15.63,3.42,15.45,4.5701754385964914
2021-10-25,2021/22,hMPV,5.18,1.14,3.7039999999999984,4.543859649122807
2025-11-10,2025/26,Influenza,11.07,2.51,10.37,4.410358565737052
2021-09-06,2021/22,hMPV,2.11,0.48,1.7219999999999995,4.395833333333333
2021-11-01,2021/22,hMPV,5.25,1.2,3.7699999999999987,4.375
2018-03-26,2017/18,Influenza,16.55,3.81,13.641999999999998,4.343832020997375
2025-11-17,2025/26,Influenza,10.5,2.42,10.188,4.338842975206612
2019-08-19,2019/20,Influenza,2.51,0.58,2.1579999999999995,4.327586206896552
2021-12-06,2021/22,hMPV,10.2,2.44,8.135999999999997,4.1803278688524586
2018-04-23,2017/18,RSV,1.45,0.35,1.434,4.142857142857143
2026-08-24,2026/27,Influenza,2.35,0.58,2.1579999999999995,4.051724137931035
2018-04-02,2017/18,Influenza,15.13,3.74,12.025999999999998,4.045454545454546
2018-03-05,2017/18,Influenza,22.06,5.49,17.795999999999996,4.018214936247722
2025-10-13,2025/26,Influenza,7.53,1.89,6.789999999999999,3.9841269841269846
2021-09-20,2021/22,hMPV,2.47,0.62,1.9699999999999998,3.983870967741936
2021-08-30,2021/22,hMPV,1.47,0.37,1.2899999999999998,3.972972972972973
2018-02-19,2017/18,Influenza,25.58,6.45,24.028,3.9658914728682166
2019-02-11,2018/19,Influenza,26.6,6.71,26.336000000000002,3.964232488822653
2018-02-26,2017/18,Influenza,23.25,5.88,20.169999999999998,3.9540816326530615
2021-11-22,2021/22,hMPV,8.88,2.33,7.011999999999999,3.811158798283262
2018-03-19,2017/18,Influenza,15.92,4.34,13.711999999999998,3.6682027649769586
2018-04-09,2017/18,Influenza,9.77,2.71,8.75,3.6051660516605164
2025-09-29,2025/26,Influenza,4.81,1.39,4.1419999999999995,3.460431654676259
2021-10-04,2021/22,RSV,11,3.22,8.199999999999998,3.4161490683229814
2018-01-22,2017/18,Influenza,24.52,7.18,24.088,3.415041782729805
2021-08-23,2021/22,hMPV,1.26,0.38,1.22,3.3157894736842106
2026-09-14,2026/27,Influenza,3.74,1.14,3.1999999999999997,3.2807017543859653
2019-06-10,2018/19,Influenza,1.73,0.53,1.4739999999999998,3.2641509433962264
2019-01-28,2018/19,Influenza,25.51,7.85,24.534,3.2496815286624208
2017-09-18,2017/18,Parainfluenza,4.89,1.52,4.622,3.2171052631578947
2017-07-31,2017/18,Adenovirus,5.25,1.66,5.1739999999999995,3.162650602409639
2017-09-25,2017/18,Parainfluenza,5.04,1.61,4.852,3.1304347826086953
2022-07-18,2022/23,Adenovirus,6.25,2.02,5.6979999999999995,3.094059405940594
2021-06-21,2020/21,Parainfluenza,10.45,3.4,8.545999999999998,3.0735294117647056
2022-12-05,2022/23,Influenza,22.74,7.44,21.735999999999997,3.0564516129032255
2022-09-12,2022/23,Influenza,3.44,1.14,3.1999999999999997,3.017543859649123
2022-12-12,2022/23,Influenza,29.18,9.78,25.955999999999996,2.983640081799591
2021-06-14,2020/21,Parainfluenza,10.24,3.47,9.072,2.951008645533141
2024-08-12,2024/25,hMPV,1.53,0.52,1.382,2.942307692307692
2019-06-03,2018/19,Influenza,2.03,0.69,1.8619999999999997,2.942028985507246
2022-04-04,2021/22,RSV,1.82,0.62,1.816,2.935483870967742
2026-09-07,2026/27,Influenza,3.45,1.19,2.4739999999999998,2.8991596638655466
2019-05-20,2018/19,Influenza,2.65,0.92,2.0619999999999994,2.8804347826086953
2017-10-16,2017/18,Parainfluenza,6.56,2.28,5.831999999999999,2.8771929824561404
2021-05-31,2020/21,Parainfluenza,14.11,4.91,11.977999999999996,2.8737270875763747
2024-02-26,2023/24,Parainfluenza,5.07,1.78,4.55,2.848314606741573
2021-09-13,2021/22,hMPV,1.68,0.59,1.5359999999999998,2.847457627118644
2018-03-26,2017/18,RSV,1.86,0.66,1.5559999999999998,2.8181818181818183
2017-10-02,2017/18,Parainfluenza,5.32,1.89,4.884,2.8148148148148153
2019-05-13,2018/19,hMPV,2.19,0.78,2.082,2.8076923076923075
2022-04-18,2021/22,RSV,1.88,0.68,1.7199999999999998,2.7647058823529407
2019-04-22,2018/19,Influenza,5.54,2.02,4.4879999999999995,2.742574257425743
2019-09-09,2019/20,Parainfluenza,4.64,1.7,4.4159999999999995,2.7294117647058824
2017-09-04,2017/18,Parainfluenza,3.94,1.45,3.7439999999999998,2.717241379310345
2022-07-25,2022/23,Adenovirus,5.43,2.01,5.302,2.701492537313433
2022-04-11,2021/22,RSV,2.08,0.77,1.904,2.7012987012987013
2021-06-28,2020/21,Parainfluenza,8.99,3.41,8.062,2.6363636363636362
2017-10-09,2017/18,Parainfluenza,5.79,2.2,5.402,2.631818181818182
2024-07-15,2024/25,hMPV,1.73,0.66,1.6139999999999999,2.621212121212121
2017-08-28,2017/18,Parainfluenza,4.47,1.71,4.353999999999999,2.614035087719298
2019-04-15,2018/19,Influenza,6.47,2.48,6.2379999999999995,2.6088709677419355
2018-01-15,2017/18,Influenza,24.05,9.22,22.962,2.608459869848156
2017-11-13,2017/18,Parainfluenza,4.93,1.91,4.902,2.581151832460733
2024-02-12,2023/24,Parainfluenza,3.84,1.49,3.6039999999999996,2.577181208053691
2024-01-22,2023/24,Parainfluenza,2.9,1.14,2.6319999999999997,2.5438596491228074
2021-12-13,2021/22,hMPV,7.68,3.02,6.767999999999999,2.543046357615894
2025-09-22,2025/26,Influenza,2.72,1.07,2.668,2.542056074766355
2026-08-17,2026/27,Influenza,2.22,0.88,1.678,2.522727272727273
2021-07-05,2021/22,Parainfluenza,8.7,3.45,7.211999999999998,2.5217391304347823
2017-07-03,2017/18,Influenza,1.71,0.68,1.5259999999999998,2.514705882352941
2022-08-08,2022/23,Adenovirus,4.79,1.91,4.618,2.5078534031413615
2019-04-22,2018/19,hMPV,4.15,1.66,3.67,2.5000000000000004
2026-08-31,2026/27,Influenza,2.47,0.99,1.8939999999999997,2.4949494949494953
2017-10-23,2017/18,Parainfluenza,6.96,2.81,5.751999999999999,2.4768683274021353
2022-08-15,2022/23,Adenovirus,4.22,1.73,4.087999999999999,2.439306358381503
2018-06-25,2017/18,Adenovirus,4.78,1.97,4.428,2.4263959390862944
2021-10-11,2021/22,RSV,9.99,4.15,8.065999999999999,2.4072289156626505
2019-03-25,2018/19,hMPV,5.27,2.19,5.1579999999999995,2.4063926940639266
2024-03-11,2023/24,Parainfluenza,7.55,3.17,6.741999999999999,2.3817034700315456
2019-04-29,2018/19,Influenza,3.74,1.58,3.2439999999999998,2.367088607594937
2024-02-05,2023/24,Parainfluenza,3.25,1.39,3.106,2.338129496402878
2017-11-06,2017/18,Parainfluenza,6.47,2.77,5.701999999999999,2.335740072202166
2019-05-27,2018/19,Influenza,1.37,0.59,1.226,2.322033898305085
2019-08-26,2019/20,Influenza,2.27,0.99,1.8939999999999997,2.292929292929293
2022-08-22,2022/23,Adenovirus,4.03,1.76,3.858,2.2897727272727275
2019-07-08,2019/20,Adenovirus,5.27,2.31,5.053999999999999,2.281385281385281
2019-05-06,2018/19,Influenza,3.45,1.53,3.102,2.2549019607843137
2025-04-28,2024/25,hMPV,3.76,1.67,3.3279999999999994,2.251497005988024
2022-08-08,2022/23,Influenza,1.91,0.86,1.5859999999999996,2.2209302325581395
2024-04-01,2023/24,Parainfluenza,7.75,3.49,7.441999999999999,2.2206303724928365
2019-06-17,2018/19,Influenza,1.15,0.52,1.0259999999999998,2.2115384615384612
2018-01-08,2017/18,Influenza,25.36,11.48,23.571999999999996,2.2090592334494774
2020-01-27,2019/20,RSV,5.52,2.5,5.164,2.2079999999999997
2021-06-07,2020/21,Parainfluenza,10.02,4.54,8.967999999999998,2.20704845814978
2019-06-10,2018/19,Adenovirus,5.38,2.44,4.831999999999999,2.2049180327868854
2021-07-26,2021/22,hMPV,1.19,0.54,1.0979999999999999,2.2037037037037033
2020-01-06,2019/20,RSV,10.65,4.84,9.089999999999998,2.200413223140496
2017-09-04,2017/18,Adenovirus,3.3,1.5,3.264,2.1999999999999997
2020-01-20,2019/20,RSV,6.94,3.19,6.108,2.175548589341693
2019-06-24,2018/19,Influenza,1.02,0.47,1.004,2.170212765957447
2019-05-27,2018/19,hMPV,2.3,1.06,2.0839999999999996,2.1698113207547167
2019-06-03,2018/19,hMPV,2.21,1.02,2.126,2.1666666666666665
2022-12-19,2022/23,Influenza,32.64,15.07,28.611999999999995,2.165892501658925
2017-10-30,2017/18,Parainfluenza,5.78,2.68,5.52,2.156716417910448
2019-04-29,2018/19,Parainfluenza,8.76,4.07,8.228,2.152334152334152
2019-12-30,2019/20,RSV,12.74,5.95,11.66,2.1411764705882352
2022-09-05,2022/23,Influenza,2.51,1.19,2.4739999999999998,2.1092436974789917
2019-08-12,2019/20,Influenza,1.85,0.88,1.678,2.1022727272727275
2022-07-11,2022/23,Influenza,1.26,0.6,1.244,2.1
2017-08-28,2017/18,Adenovirus,3.81,1.82,3.782,2.0934065934065935
2024-07-22,2024/25,Influenza,1.13,0.54,0.9739999999999998,2.092592592592592
2018-10-29,2018/19,RSV,16.53,7.92,14.381999999999998,2.0871212121212124
2021-05-24,2020/21,Parainfluenza,10.41,4.99,9.734,2.0861723446893787
2025-05-05,2024/25,hMPV,2.78,1.34,2.6359999999999997,2.0746268656716413
2021-08-02,2021/22,hMPV,1.16,0.56,1.0519999999999998,2.071428571428571
2019-06-10,2018/19,hMPV,1.76,0.85,1.5719999999999998,2.070588235294118
2019-06-17,2018/19,Adenovirus,4.78,2.31,4.764,2.069264069264069
2024-02-19,2023/24,Parainfluenza,3.91,1.89,3.806,2.068783068783069
2019-04-15,2018/19,hMPV,4.41,2.14,4.3100000000000005,2.060747663551402
2018-11-05,2018/19,RSV,19.32,9.38,17.512,2.059701492537313
2017-08-14,2017/18,Parainfluenza,3.94,1.92,3.776,2.0520833333333335
2021-08-09,2021/22,hMPV,1.06,0.52,1.056,2.0384615384615383
2019-08-19,2019/20,Parainfluenza,3.87,1.9,3.81,2.0368421052631582
2019-04-01,2018/19,hMPV,4.95,2.44,4.6739999999999995,2.028688524590164
2019-05-13,2018/19,Influenza,2.57,1.27,2.1339999999999995,2.0236220472440944
2024-03-04,2023/24,Parainfluenza,5.76,2.86,5.079999999999999,2.013986013986014
2017-10-09,2017/18,Adenovirus,4.14,2.07,3.611999999999999,2
2025-06-30,2024/25,Influenza,0.49,0.245,0.46549999999999997,2
2025-06-30,2024/25,Parainfluenza,3.15,1.575,2.9924999999999997,2
2025-06-30,2024/25,RSV,0.19,0.095,0.1805,2
2025-06-30,2024/25,hMPV,1.17,0.585,1.1115,2
2024-03-18,2023/24,Parainfluenza,6.73,3.38,6.346,1.9911242603550299
2024-03-25,2023/24,Parainfluenza,7.15,3.61,6.986,1.9806094182825487
2019-03-18,2018/19,Adenovirus,5.28,2.7,5.016,1.9555555555555555
2017-08-07,2017/18,Rhinovirus,16.12,8.31,14.9,1.9398315282791818
2018-12-03,2018/19,RSV,22.54,11.67,21.892,1.9314481576692373
2019-04-08,2018/19,hMPV,4.04,2.1,4.036,1.9238095238095236
2018-11-12,2018/19,RSV,22.6,11.78,21.695999999999998,1.9185059422750426
2018-05-07,2017/18,Parainfluenza,8.42,4.41,8.304,1.909297052154195
2018-05-07,2017/18,Adenovirus,4.76,2.5,4.595999999999999,1.904
2019-03-18,2018/19,hMPV,5.54,2.91,5.14,1.9037800687285222
2019-12-23,2019/20,RSV,14.02,7.38,12.86,1.899728997289973
2017-07-03,2017/18,Adenovirus,4.64,2.45,4.616,1.893877551020408
2018-11-26,2018/19,RSV,25.35,13.4,24.305999999999997,1.8917910447761195
2024-06-24,2023/24,hMPV,1.51,0.8,1.394,1.8875
2026-08-10,2026/27,Influenza,1.62,0.86,1.5859999999999996,1.8837209302325584
2025-06-30,2024/25,Rhinovirus,10.79,5.7299999999999995,10.283999999999999,1.8830715532286213
2018-06-04,2017/18,Adenovirus,5.1,2.72,4.867999999999999,1.8749999999999998
2021-07-12,2021/22,Parainfluenza,6.35,3.41,5.937999999999999,1.8621700879765395
2023-01-30,2022/23,Rhinovirus,17.59,9.45,15.773999999999997,1.8613756613756616
2019-04-22,2018/19,Parainfluenza,8.27,4.46,7.938,1.8542600896860986
2020-01-13,2019/20,RSV,7.41,4.01,6.981999999999999,1.8478802992518704
2018-11-19,2018/19,RSV,24.72,13.41,23.948,1.843400447427293
2017-08-28,2017/18,Rhinovirus,15.97,8.73,14.778,1.829324169530355
2026-02-02,2025/26,Parainfluenza,2.49,1.37,2.478,1.8175182481751826
2024-01-15,2023/24,Parainfluenza,2.68,1.48,2.628,1.810810810810811
2018-12-10,2018/19,RSV,18.28,10.12,18.112000000000002,1.806324110671937
2019-06-17,2018/19,Rhinovirus,19.49,10.8,18.453999999999997,1.8046296296296294
2017-09-25,2017/18,Adenovirus,3.23,1.79,2.9459999999999997,1.8044692737430168
2017-11-20,2017/18,Parainfluenza,4.74,2.66,4.484,1.781954887218045
2019-04-29,2018/19,Adenovirus,5.21,2.94,5.138,1.772108843537415
2026-01-05,2025/26,Parainfluenza,3.04,1.72,2.956,1.7674418604651163
2019-05-27,2018/19,Adenovirus,4.62,2.62,4.4959999999999996,1.7633587786259541
2017-08-21,2017/18,Rhinovirus,14.77,8.4,14.201999999999998,1.7583333333333333
2018-01-01,2017/18,Influenza,25.57,14.67,24.502,1.7430129516019086
2024-06-17,2023/24,hMPV,1.55,0.89,1.398,1.7415730337078652
2017-08-07,2017/18,Parainfluenza,4.6,2.66,4.4319999999999995,1.7293233082706765
2017-09-11,2017/18,Adenovirus,3.05,1.77,3.03,1.7231638418079094
2024-07-15,2024/25,Influenza,1.25,0.73,1.186,1.7123287671232876
2024-05-20,2023/24,hMPV,1.95,1.14,1.7899999999999998,1.710526315789474
2022-11-07,2022/23,Adenovirus,3.78,2.21,3.6999999999999997,1.7104072398190044
2020-03-02,2019/20,hMPV,4.92,2.88,4.632,1.7083333333333335
2017-07-31,2017/18,Rhinovirus,15.41,9.04,14.91,1.7046460176991152
2023-01-16,2022/23,Adenovirus,3.8,2.23,3.6599999999999997,1.704035874439462
2018-03-19,2017/18,RSV,1.63,0.96,1.5019999999999998,1.6979166666666665
2018-07-23,2018/19,Parainfluenza,5.09,3.01,5.022,1.691029900332226
2019-02-25,2018/19,RSV,2.07,1.23,1.8939999999999997,1.6829268292682926
2019-07-01,2019/20,hMPV,1.24,0.74,1.216,1.6756756756756757
2023-01-23,2022/23,Rhinovirus,15.53,9.27,14.677999999999999,1.6752966558791802
2019-06-24,2018/19,Rhinovirus,18.7,11.17,18.62,1.6741271262309758
2019-02-25,2018/19,hMPV,4.83,2.89,4.718,1.6712802768166088
2026-01-19,2025/26,Rhinovirus,13.52,8.12,12.607999999999999,1.665024630541872
2017-12-25,2017/18,hMPV,6.62,4.01,6.188,1.6508728179551124
2017-12-18,2017/18,RSV,15.28,9.26,15.12,1.650107991360691
2019-11-25,2019/20,Parainfluenza,3.74,2.27,3.488,1.6475770925110134
2019-04-08,2018/19,Parainfluenza,7.3,4.44,7.048,1.644144144144144
2022-01-24,2021/22,Adenovirus,4.02,2.46,3.8879999999999995,1.6341463414634145
2023-07-24,2023/24,Rhinovirus,16.42,10.06,16.400000000000002,1.63220675944334
2022-12-26,2022/23,Influenza,28.02,17.3,27.476,1.6196531791907514
2024-07-29,2024/25,Influenza,1.31,0.81,1.286,1.6172839506172838
2019-05-13,2018/19,Adenovirus,4.64,2.87,4.359999999999999,1.616724738675958
2026-01-05,2025/26,Rhinovirus,13.67,8.58,13.001999999999999,1.5932400932400932
2017-10-16,2017/18,Adenovirus,3.44,2.16,3.288,1.5925925925925926
2023-02-13,2022/23,Rhinovirus,16.32,10.3,14.627999999999998,1.5844660194174756
2018-03-26,2017/18,Adenovirus,4.84,3.07,4.811999999999999,1.5765472312703583
2023-02-06,2022/23,Rhinovirus,16.38,10.41,15.439999999999998,1.573487031700288
2019-12-02,2019/20,Parainfluenza,3.65,2.32,3.4179999999999997,1.5732758620689655
2021-12-20,2021/22,hMPV,6.18,3.93,5.779999999999999,1.5725190839694656
2019-03-11,2018/19,Adenovirus,4.27,2.72,4.233999999999999,1.5698529411764703
2019-02-18,2018/19,hMPV,5,3.2,4.916,1.5625
2019-12-09,2019/20,Parainfluenza,3.28,2.11,3.1879999999999997,1.5545023696682465
2019-03-11,2018/19,hMPV,5,3.22,4.82,1.5527950310559004
2019-05-20,2018/19,Adenovirus,4.07,2.63,3.93,1.5475285171102664
2017-11-20,2017/18,Adenovirus,3.6,2.33,3.388,1.5450643776824033
2026-02-09,2025/26,RSV,3.62,2.36,3.452,1.533898305084746
2019-07-08,2019/20,hMPV,1.3,0.85,1.236,1.5294117647058825
2026-02-16,2025/26,Adenovirus,4.67,3.06,4.374,1.526143790849673
2023-02-27,2022/23,Rhinovirus,14.13,9.26,13.622,1.5259179265658749
2018-03-12,2017/18,RSV,1.54,1.01,1.464,1.5247524752475248
2023-03-06,2022/23,Rhinovirus,15.81,10.4,14.134,1.5201923076923076
2023-02-20,2022/23,Adenovirus,4.85,3.21,4.741999999999999,1.510903426791277
2017-07-17,2017/18,Rhinovirus,16.9,11.22,16.412,1.5062388591800355
2026-01-12,2025/26,Rhinovirus,11.42,7.6,10.604,1.5026315789473685
2021-10-18,2021/22,RSV,9.85,6.61,9.102,1.4901664145234492
2023-01-09,2022/23,Adenovirus,2.78,1.87,2.6119999999999997,1.4866310160427805
2019-06-10,2018/19,Rhinovirus,15.58,10.49,14.956,1.4852240228789324
2017-07-31,2017/18,Parainfluenza,4.01,2.7,3.9499999999999997,1.485185185185185
2022-12-26,2022/23,Adenovirus,3.23,2.19,3.15,1.4748858447488584
2018-05-21,2017/18,Rhinovirus,17.4,11.96,16.595999999999997,1.454849498327759
2025-12-22,2025/26,Rhinovirus,14.58,10.17,14.259999999999998,1.4336283185840708
2017-07-10,2017/18,Rhinovirus,17.04,11.91,16.512,1.4307304785894206
2023-02-20,2022/23,Rhinovirus,15.01,10.55,13.802,1.4227488151658767
2022-12-05,2022/23,Adenovirus,3.3,2.32,3.2359999999999998,1.4224137931034484
2019-02-04,2018/19,hMPV,4.84,3.41,4.836,1.4193548387096773
2025-12-29,2025/26,Parainfluenza,3.25,2.29,2.9379999999999997,1.4192139737991265
2020-02-17,2019/20,RSV,2.71,1.91,2.4379999999999997,1.418848167539267
2017-09-18,2017/18,Adenovirus,3.08,2.18,3.016,1.4128440366972477
2018-12-17,2018/19,Adenovirus,3.39,2.4,3.134,1.4125
2017-10-23,2017/18,Adenovirus,3.22,2.29,3.172,1.406113537117904
2026-01-12,2025/26,Parainfluenza,2.7,1.93,2.668,1.3989637305699483
2026-02-16,2025/26,RSV,2.68,1.92,2.676,1.3958333333333335
2022-11-28,2022/23,Adenovirus,2.96,2.13,2.776,1.3896713615023475
2019-05-27,2018/19,Rhinovirus,16.04,11.62,15.844,1.3803786574870913
2020-01-13,2019/20,hMPV,4.62,3.35,4.272,1.3791044776119403
2018-07-02,2018/19,Rhinovirus,16.99,12.33,16.954,1.3779399837793997
2023-01-02,2022/23,Adenovirus,2.6,1.89,2.456,1.3756613756613758
2023-03-13,2022/23,Rhinovirus,15.55,11.32,14.802,1.3736749116607774
2022-02-28,2021/22,Adenovirus,4.29,3.13,4.2139999999999995,1.3706070287539938
2020-09-07,2020/21,Rhinovirus,16.34,11.93,16.276,1.3696563285834031
2019-04-15,2018/19,Parainfluenza,6.77,4.95,6.714,1.3676767676767676
2025-12-15,2025/26,Rhinovirus,14.87,10.88,14.377999999999998,1.3667279411764703
2023-03-20,2022/23,Rhinovirus,15.16,11.11,14.856,1.3645364536453646
2019-04-01,2018/19,Adenovirus,4.69,3.44,4.61,1.363372093023256
2018-04-09,2017/18,Adenovirus,5.03,3.69,4.970000000000001,1.3631436314363143
2018-05-07,2017/18,Rhinovirus,17.25,12.75,15.905999999999999,1.3529411764705883
2020-01-27,2019/20,Adenovirus,3.62,2.68,3.552,1.3507462686567164
2018-10-29,2018/19,Adenovirus,3.56,2.64,3.52,1.3484848484848484
2023-02-06,2022/23,Adenovirus,4.06,3.02,3.9319999999999995,1.344370860927152
2019-09-30,2019/20,Adenovirus,2.48,1.85,2.436,1.3405405405405404
2017-08-14,2017/18,Rhinovirus,12.46,9.31,12.372,1.3383458646616542
2018-04-23,2017/18,Rhinovirus,12.78,9.61,12.404,1.3298647242455774
2019-02-11,2018/19,hMPV,4.21,3.17,4.1899999999999995,1.3280757097791798
2020-09-14,2020/21,Rhinovirus,23.82,17.94,23.348,1.3277591973244147
2023-04-03,2022/23,Rhinovirus,15.54,11.73,15.411999999999999,1.3248081841432224
2017-11-20,2017/18,Rhinovirus,18.21,13.8,17.222,1.3195652173913044
2019-06-03,2018/19,Rhinovirus,14.6,11.08,14.443999999999999,1.3176895306859204
2018-04-30,2017/18,Rhinovirus,15.39,11.7,15.09,1.3153846153846156
2017-10-23,2017/18,Rhinovirus,22.59,17.25,21.774,1.3095652173913044
2018-05-14,2017/18,Parainfluenza,7.05,5.4,6.79,1.3055555555555554
2017-10-09,2017/18,Rhinovirus,26.65,20.45,25.449999999999996,1.3031784841075795
2017-10-30,2017/18,Rhinovirus,20.18,15.5,19.668,1.3019354838709678
2021-07-19,2021/22,Parainfluenza,4.4,3.38,4.392,1.3017751479289943
2022-04-25,2021/22,Adenovirus,4.25,3.28,4.146,1.2957317073170733
2019-03-04,2018/19,Adenovirus,4.04,3.15,3.788,1.2825396825396826
2023-04-10,2022/23,Rhinovirus,14,10.98,13.7,1.2750455373406193
2026-02-02,2025/26,hMPV,4.46,3.54,4.292,1.2598870056497176
2021-12-27,2021/22,Rhinovirus,12.61,10.08,12.462,1.2509920634920635
2022-11-14,2022/23,Adenovirus,3.18,2.55,3.172,1.247058823529412
2025-12-22,2025/26,Parainfluenza,2.88,2.31,2.752,1.2467532467532467
2018-01-01,2017/18,hMPV,5.32,4.27,5.048,1.2459016393442626
2017-10-02,2017/18,Rhinovirus,26.81,21.53,25.962000000000003,1.2452392011147235
2018-10-22,2018/19,RSV,11.39,9.2,10.594,1.2380434782608698
2023-03-27,2022/23,Rhinovirus,15.5,12.59,15.008,1.2311358220810167
2023-11-27,2023/24,Rhinovirus,16.43,13.42,15.777999999999999,1.2242921013412817
2019-10-14,2019/20,Rhinovirus,22.83,18.67,22.762,1.2228173540439204
2019-05-13,2018/19,Rhinovirus,16.52,13.7,16.2,1.2058394160583943
2019-03-04,2018/19,RSV,1.71,1.42,1.702,1.204225352112676
2023-12-04,2023/24,Rhinovirus,14.38,12.08,13.867999999999999,1.1903973509933776
2017-09-25,2017/18,Rhinovirus,26.67,22.49,26.39,1.1858603823921745
2020-01-20,2019/20,hMPV,4.11,3.47,3.95,1.1844380403458215
2021-12-13,2021/22,Adenovirus,2.89,2.47,2.866,1.1700404858299596
2019-01-07,2018/19,hMPV,4.23,3.62,4.214,1.1685082872928179
2023-11-06,2023/24,Rhinovirus,18.21,15.69,18.11,1.1606118546845126
2022-04-18,2021/22,Adenovirus,4.2,3.62,4.116,1.160220994475138
2017-11-13,2017/18,Rhinovirus,17.6,15.53,17.392,1.1332904056664521
2025-06-30,2024/25,Adenovirus,2.28,2.0549999999999997,2.2575,1.1094890510948905
2026-04-20,2025/26,Rhinovirus,11.73,10.62,11.678,1.1045197740112995
2020-09-21,2020/21,Rhinovirus,24.49,22.97,24.445999999999998,1.066173269481933
