disease,season,signal_run,signal_start_date,signal_end_date,duration_weeks,maximum_positivity,maximum_relative_to_expected
Adenovirus,2017/18,4,2017-08-28,2017-09-25,5,3.81,2.365591397849462
Adenovirus,2017/18,5,2017-10-09,2017-10-30,4,4.14,2.1618798955613574
Adenovirus,2018/19,4,2019-03-04,2019-03-18,3,5.28,1.9591836734693877
Adenovirus,2018/19,6,2019-04-29,2019-05-27,5,5.21,1.855421686746988
Adenovirus,2022/23,1,2022-07-18,2022-08-22,6,6.25,3.19693094629156
Adenovirus,2022/23,5,2022-12-26,2023-01-16,4,3.8,1.7674418604651163
Influenza,2017/18,4,2018-01-01,2018-01-29,5,25.57,3.519450800915332
Influenza,2017/18,5,2018-02-12,2018-04-16,10,25.94,6.107011070110701
Influenza,2018/19,1,2019-01-14,2019-02-18,6,28.12,5.803921568627451
Influenza,2018/19,2,2019-04-15,2019-06-24,11,6.47,3.5974025974025974
Influenza,2019/20,1,2019-08-12,2019-08-26,3,2.51,4.403508771929824
Influenza,2022/23,3,2022-09-05,2022-09-19,3,3.44,3.057777777777778
Influenza,2022/23,5,2022-12-05,2022-12-26,4,32.64,3.3663952627683194
Influenza,2024/25,1,2024-07-15,2024-07-29,3,1.31,2.11214953271028
Influenza,2025/26,1,2025-09-22,2025-12-01,11,21.44,9.835390946502056
Parainfluenza,2017/18,1,2017-07-31,2017-11-20,17,6.96,3.556363636363636
Parainfluenza,2018/19,3,2019-04-08,2019-05-06,5,8.76,2.1763975155279502
Parainfluenza,2019/20,3,2019-09-09,2019-09-23,3,4.64,3.1999999999999997
Parainfluenza,2019/20,6,2019-11-11,2019-12-09,5,4.86,2.551181102362205
Parainfluenza,2020/21,1,2021-05-24,2021-06-28,6,14.11,3.087149187592319
Parainfluenza,2021/22,1,2021-07-05,2021-07-19,3,8.7,2.6363636363636362
Parainfluenza,2023/24,2,2024-01-08,2024-04-01,13,7.75,2.8971428571428572
Parainfluenza,2025/26,1,2025-12-22,2026-01-19,5,3.25,1.8536585365853657
RSV,2017/18,1,2017-11-13,2017-12-18,6,22.79,1.9289995389580454
RSV,2017/18,2,2018-03-12,2018-04-02,4,1.86,3.1525423728813555
RSV,2018/19,1,2018-10-22,2018-12-10,8,25.35,2.273727647867951
RSV,2019/20,1,2019-12-16,2020-01-27,7,14.88,2.332773109243698
RSV,2021/22,1,2021-07-05,2021-10-18,16,15,41.6
RSV,2021/22,3,2022-04-04,2022-06-27,13,5.02,19.307692307692307
Rhinovirus,2017/18,1,2017-07-03,2017-07-17,3,17.04,1.5728245695672403
Rhinovirus,2017/18,2,2017-07-31,2017-09-11,7,22.64,2.031505986137366
Rhinovirus,2017/18,3,2017-09-25,2017-11-20,9,26.81,1.3555442522889114
Rhinovirus,2017/18,4,2018-04-23,2018-05-07,3,17.25,1.3990267639902676
Rhinovirus,2018/19,5,2019-05-27,2019-06-24,5,19.49,1.8063021316033365
Rhinovirus,2020/21,1,2020-09-07,2020-09-21,3,24.49,1.397775876817793
Rhinovirus,2022/23,1,2023-01-23,2023-04-10,12,17.59,1.9005942733657484
Rhinovirus,2025/26,2,2025-12-15,2026-01-19,6,14.87,1.6889444097439101
hMPV,2017/18,1,2017-12-25,2018-01-08,3,6.62,1.6844783715012723
hMPV,2018/19,2,2019-02-04,2019-02-25,4,5,1.7188612099644127
hMPV,2018/19,3,2019-03-11,2019-04-22,7,5.54,2.7392739273927393
hMPV,2018/19,5,2019-05-27,2019-06-10,3,2.3,2.4021739130434785
hMPV,2019/20,4,2020-02-24,2020-03-09,3,4.92,1.846153846153846
hMPV,2021/22,1,2021-07-19,2021-08-09,4,1.44,2.4201680672268906
hMPV,2021/22,2,2021-08-23,2021-12-20,18,10.76,7.659090909090908
hMPV,2024/25,2,2024-08-05,2024-08-19,3,1.53,3.267605633802817
