disease,epiweek,mean_positivity,median_positivity
Adenovirus,1,1.968888888888889,1.89
Adenovirus,2,1.9577777777777776,1.87
Adenovirus,3,2.411111111111111,2.23
Adenovirus,4,2.611111111111111,2.46
Adenovirus,5,2.608888888888889,2.59
Adenovirus,6,2.7822222222222224,3.02
Adenovirus,7,3.0366666666666666,3.06
Adenovirus,8,3.421111111111111,3.21
Adenovirus,9,3.097777777777778,3.35
Adenovirus,10,3.008888888888889,3.09
Adenovirus,11,2.9322222222222223,2.72
Adenovirus,12,3.212222222222222,2.7
Adenovirus,13,3.33,3.07
Adenovirus,14,3.1444444444444444,3.44
Adenovirus,15,3.4,3.69
Adenovirus,16,3.228888888888889,3.72
Adenovirus,17,3.141111111111111,3.51
Adenovirus,18,3.188888888888889,2.98
Adenovirus,19,2.7822222222222224,2.5
Adenovirus,20,2.8555555555555556,2.87
Adenovirus,21,2.591111111111111,2.4
Adenovirus,22,2.7866666666666666,2.63
Adenovirus,23,2.9255555555555555,2.62
Adenovirus,24,2.93,2.44
Adenovirus,25,2.916666666666667,2.31
Adenovirus,26,2.6911111111111112,2.36
Adenovirus,27,2.895,2.09
Adenovirus,28,3.152,2.435
Adenovirus,29,3.145,2.535
Adenovirus,30,2.968,2.0149999999999997
Adenovirus,31,2.688,2.0100000000000002
Adenovirus,32,2.648,1.825
Adenovirus,33,2.258,1.7349999999999999
Adenovirus,34,2.133,1.6800000000000002
Adenovirus,35,2.171,1.6800000000000002
Adenovirus,36,2.068,1.505
Adenovirus,37,1.935,1.685
Adenovirus,38,1.779,1.45
Adenovirus,39,2.1144444444444446,1.79
Adenovirus,40,1.9122222222222223,1.85
Adenovirus,41,2.2244444444444444,1.89
Adenovirus,42,2.2888888888888888,2.07
Adenovirus,43,2.328888888888889,2.26
Adenovirus,44,2.51,2.53
Adenovirus,45,2.6866666666666665,2.42
Adenovirus,46,2.511111111111111,2.51
Adenovirus,47,2.466666666666667,2.55
Adenovirus,48,2.1544444444444446,2.13
Adenovirus,49,2.358888888888889,2.16
Adenovirus,50,2.281111111111111,2.47
Adenovirus,51,2.3466666666666667,2.4
Adenovirus,52,2.2377777777777776,2.12
Adenovirus,53,2.63,2.63
Influenza,1,13.664444444444444,14.67
Influenza,2,11.944444444444445,12.89
Influenza,3,10.992222222222223,11.48
Influenza,4,11.025555555555556,9.16
Influenza,5,10.591111111111111,7.85
Influenza,6,9.915555555555557,5.73
Influenza,7,9.758888888888889,6.71
Influenza,8,8.732222222222221,6.45
Influenza,9,7.274444444444445,5.88
Influenza,10,6.464444444444444,5.49
Influenza,11,6.058888888888889,3.86
Influenza,12,5.224444444444444,4.34
Influenza,13,4.954444444444444,3.81
Influenza,14,4.323333333333333,3.74
Influenza,15,3.4266666666666667,2.71
Influenza,16,2.75,2.48
Influenza,17,1.96,2.02
Influenza,18,1.5255555555555556,1.58
Influenza,19,1.4533333333333334,1.53
Influenza,20,1.0577777777777777,1.27
Influenza,21,0.9266666666666666,0.97
Influenza,22,0.6688888888888889,0.78
Influenza,23,0.711111111111111,0.49
Influenza,24,0.6811111111111111,0.67
Influenza,25,0.5344444444444444,0.52
Influenza,26,0.4855555555555556,0.47
Influenza,27,0.631,0.5700000000000001
Influenza,28,0.77,0.87
Influenza,29,0.597,0.665
Influenza,30,0.5579999999999999,0.625
Influenza,31,0.661,0.675
Influenza,32,0.842,0.915
Influenza,33,0.904,0.925
Influenza,34,0.934,0.72
Influenza,35,1.1340000000000001,1.145
Influenza,36,1.3739999999999999,1.0899999999999999
Influenza,37,1.586,1.23
Influenza,38,1.383,1.19
Influenza,39,1.3822222222222222,1.39
Influenza,40,1.851111111111111,1.22
Influenza,41,2.407777777777778,1.89
Influenza,42,2.5233333333333334,1.74
Influenza,43,2.9966666666666666,1.32
Influenza,44,3.431111111111111,1.7
Influenza,45,3.9355555555555557,2.51
Influenza,46,4.334444444444444,2.42
Influenza,47,6.064444444444445,3.42
Influenza,48,7.852222222222222,3.77
Influenza,49,10.985555555555555,7.44
Influenza,50,12.762222222222222,9.78
Influenza,51,15.402222222222223,17.46
Influenza,52,16.77888888888889,17.3
Influenza,53,0,0
Parainfluenza,1,1.8488888888888888,1.72
Parainfluenza,2,1.738888888888889,1.93
Parainfluenza,3,1.6111111111111112,1.48
Parainfluenza,4,1.5233333333333332,1.14
Parainfluenza,5,1.4,1.37
Parainfluenza,6,1.6755555555555557,1.39
Parainfluenza,7,1.8466666666666667,1.49
Parainfluenza,8,2.1055555555555556,1.89
Parainfluenza,9,2.296666666666667,1.78
Parainfluenza,10,2.83,2.85
Parainfluenza,11,3.5455555555555556,3.17
Parainfluenza,12,3.5833333333333335,3.38
Parainfluenza,13,3.9566666666666666,3.48
Parainfluenza,14,3.997777777777778,3.83
Parainfluenza,15,4.342222222222222,4.44
Parainfluenza,16,4.481111111111111,4.95
Parainfluenza,17,4.614444444444445,4.46
Parainfluenza,18,4.487777777777778,4.07
Parainfluenza,19,4.587777777777778,4.41
Parainfluenza,20,4.723333333333334,5.4
Parainfluenza,21,5.472222222222222,4.99
Parainfluenza,22,5.6755555555555555,4.91
Parainfluenza,23,4.742222222222222,4.54
Parainfluenza,24,4.347777777777778,3.47
Parainfluenza,25,4.343333333333334,3.4
Parainfluenza,26,3.9044444444444446,3.41
Parainfluenza,27,3.677,3.3
Parainfluenza,28,3.414,3.3449999999999998
Parainfluenza,29,3.066,3.36
Parainfluenza,30,3.038,2.9349999999999996
Parainfluenza,31,2.71,2.7800000000000002
Parainfluenza,32,2.788,2.89
Parainfluenza,33,2.316,2.205
Parainfluenza,34,2.259,2
Parainfluenza,35,1.9329999999999998,1.555
Parainfluenza,36,1.832,1.525
Parainfluenza,37,1.951,1.625
Parainfluenza,38,2.077,1.895
Parainfluenza,39,2.207777777777778,1.61
Parainfluenza,40,2.2733333333333334,1.89
Parainfluenza,41,2.411111111111111,2.2
Parainfluenza,42,2.5933333333333333,2.26
Parainfluenza,43,2.7488888888888887,2.56
Parainfluenza,44,2.8866666666666667,2.86
Parainfluenza,45,2.6422222222222222,2.1
Parainfluenza,46,2.468888888888889,1.91
Parainfluenza,47,2.6455555555555557,2.66
Parainfluenza,48,2.216666666666667,2.27
Parainfluenza,49,2.098888888888889,2.32
Parainfluenza,50,2.0944444444444446,2.11
Parainfluenza,51,1.9033333333333333,2.31
Parainfluenza,52,1.8744444444444444,2.29
Parainfluenza,53,0.09,0.09
RSV,1,6.474444444444444,5.95
RSV,2,5.02,4.84
RSV,3,4.111111111111111,4.01
RSV,4,3.466666666666667,3.19
RSV,5,2.661111111111111,2.5
RSV,6,2.261111111111111,2.36
RSV,7,1.8844444444444444,1.92
RSV,8,1.6344444444444444,1.91
RSV,9,1.2655555555555555,1.23
RSV,10,1.2155555555555555,1.42
RSV,11,0.9922222222222222,1.01
RSV,12,0.9433333333333334,0.96
RSV,13,0.7555555555555555,0.66
RSV,14,0.8933333333333333,0.74
RSV,15,0.82,0.64
RSV,16,0.8577777777777778,0.83
RSV,17,0.6077777777777778,0.35
RSV,18,0.7122222222222222,0.44
RSV,19,0.84,0.43
RSV,20,0.7077777777777778,0.51
RSV,21,0.8866666666666667,0.36
RSV,22,1.0433333333333332,0.35
RSV,23,0.9377777777777778,0.38
RSV,24,1.0077777777777777,0.46
RSV,25,1.057777777777778,0.32
RSV,26,1.2766666666666666,0.26
RSV,27,1.44,0.28
RSV,28,2.038,0.635
RSV,29,2.136,0.385
RSV,30,2.402,0.35
RSV,31,2.489,0.67
RSV,32,2.5599999999999996,0.585
RSV,33,2.281,0.755
RSV,34,2.114,0.635
RSV,35,2.343,1.1749999999999998
RSV,36,1.9300000000000002,0.955
RSV,37,2.066,1.025
RSV,38,1.859,1.035
RSV,39,2.4755555555555553,1.89
RSV,40,3.2022222222222223,3.22
RSV,41,3.783333333333333,4.15
RSV,42,5.1,6.61
RSV,43,6.802222222222222,9.2
RSV,44,7.972222222222222,7.92
RSV,45,9.29888888888889,9.38
RSV,46,11.474444444444444,11.78
RSV,47,12.79888888888889,13.41
RSV,48,13.196666666666667,13.4
RSV,49,12.083333333333334,11.67
RSV,50,10.523333333333333,10.01
RSV,51,9.11111111111111,9.26
RSV,52,7.734444444444445,7.38
RSV,53,0,0
Rhinovirus,1,8.811111111111112,8.58
Rhinovirus,2,8.094444444444445,7.6
Rhinovirus,3,8.312222222222221,8.12
Rhinovirus,4,10.173333333333334,9.27
Rhinovirus,5,10.46111111111111,9.45
Rhinovirus,6,10.764444444444445,10.41
Rhinovirus,7,10.355555555555556,10.3
Rhinovirus,8,10.034444444444444,10.55
Rhinovirus,9,9.77,9.26
Rhinovirus,10,10.027777777777779,10.4
Rhinovirus,11,10.837777777777777,11.32
Rhinovirus,12,11.761111111111111,11.11
Rhinovirus,13,12.12,12.59
Rhinovirus,14,11.431111111111111,11.73
Rhinovirus,15,10.324444444444445,10.98
Rhinovirus,16,9.676666666666666,10.62
Rhinovirus,17,9.515555555555556,11.06
Rhinovirus,18,11.001111111111111,11.32
Rhinovirus,19,12.108888888888888,12.75
Rhinovirus,20,12.45888888888889,13.35
Rhinovirus,21,12.015555555555554,12.51
Rhinovirus,22,12.074444444444444,11.96
Rhinovirus,23,10.652222222222223,11.08
Rhinovirus,24,10.416666666666666,10.1
Rhinovirus,25,11.108888888888888,10.78
Rhinovirus,26,11.696666666666667,11.19
Rhinovirus,27,11.671,11.735
Rhinovirus,28,11.629999999999999,11.530000000000001
Rhinovirus,29,11.545,10.745000000000001
Rhinovirus,30,11.408,10.035
Rhinovirus,31,9.794,8.285
Rhinovirus,32,9.835,8.785
Rhinovirus,33,8.748000000000001,8.435
Rhinovirus,34,9.413,7.895
Rhinovirus,35,9.573,8.690000000000001
Rhinovirus,36,10.812,10.094999999999999
Rhinovirus,37,15.484,16.994999999999997
Rhinovirus,38,20.025,22.244999999999997
Rhinovirus,39,22.04,22.49
Rhinovirus,40,21.84777777777778,23.22
Rhinovirus,41,20.865555555555556,21.53
Rhinovirus,42,19.642222222222223,20.35
Rhinovirus,43,17.855555555555554,17.65
Rhinovirus,44,16.33111111111111,16.54
Rhinovirus,45,15.018888888888888,14.99
Rhinovirus,46,15.02,15.81
Rhinovirus,47,14.466666666666667,13.8
Rhinovirus,48,13.424444444444445,13.42
Rhinovirus,49,12.202222222222222,12.08
Rhinovirus,50,11.186666666666667,10.76
Rhinovirus,51,10.877777777777778,10.88
Rhinovirus,52,9.886666666666667,9.15
Rhinovirus,53,10.81,10.81
hMPV,1,3.8077777777777775,4.27
hMPV,2,3.117777777777778,3.27
hMPV,3,3.037777777777778,3.35
hMPV,4,2.9455555555555555,3.47
hMPV,5,2.8377777777777777,3.54
hMPV,6,3.042222222222222,3.73
hMPV,7,2.75,3.17
hMPV,8,3.046666666666667,3.2
hMPV,9,2.8733333333333335,2.89
hMPV,10,2.8144444444444447,2.97
hMPV,11,2.977777777777778,3.2
hMPV,12,2.9388888888888887,2.91
hMPV,13,2.568888888888889,2.19
hMPV,14,2.4766666666666666,2.44
hMPV,15,2.3033333333333332,2.1
hMPV,16,2.126666666666667,2.14
hMPV,17,1.8555555555555556,1.66
hMPV,18,1.761111111111111,1.67
hMPV,19,1.6077777777777778,1.95
hMPV,20,1.1233333333333333,1.32
hMPV,21,0.9588888888888889,0.79
hMPV,22,1.23,1.09
hMPV,23,1.1511111111111112,0.82
hMPV,24,0.85,0.85
hMPV,25,0.8722222222222222,0.89
hMPV,26,0.8422222222222222,0.8
hMPV,27,0.753,0.7849999999999999
hMPV,28,0.827,0.77
hMPV,29,0.733,0.595
hMPV,30,0.634,0.63
hMPV,31,0.531,0.51
hMPV,32,0.598,0.54
hMPV,33,0.588,0.495
hMPV,34,0.499,0.36
hMPV,35,0.482,0.355
hMPV,36,0.6819999999999999,0.46
hMPV,37,0.59,0.515
hMPV,38,0.87,0.71
hMPV,39,0.78,0.57
hMPV,40,0.8866666666666667,0.67
hMPV,41,0.9711111111111111,0.71
hMPV,42,1.1644444444444444,0.81
hMPV,43,1.4333333333333331,1.14
hMPV,44,1.4522222222222223,1.2
hMPV,45,1.9566666666666668,1.54
hMPV,46,2.3444444444444446,1.63
hMPV,47,2.8822222222222225,2.33
hMPV,48,3.181111111111111,2.27
hMPV,49,3.7266666666666666,2.44
hMPV,50,3.2933333333333334,2.66
hMPV,51,3.71,3.81
hMPV,52,4.11,4.01
hMPV,53,0.17,0.17
