disease,date,horizon,forecast,lower_80,upper_80,lower_95,upper_95
Adenovirus,2026-09-21,1,1.2082879032102967,0.5458693870332832,1.87070641938731,0.1952062065345299,2.2213695998860636
Adenovirus,2026-09-28,2,1.0206374779032594,0.21814801596276945,1.8231269398437493,-0.20666424421503637,2.2479392000215555
Adenovirus,2026-10-05,3,0.9423974926175391,-0.01340410546605253,1.8981990907011308,-0.5193749081001682,2.4041698933352462
Adenovirus,2026-10-12,4,0.9674874121037935,-0.11039106149187727,2.0453658856994643,-0.6809854584051371,2.615960282612724
Influenza,2026-09-21,1,4.206863200071258,2.42112881881538,5.992597581327136,1.4758181392904937,6.937908260852021
Influenza,2026-09-28,2,4.689875201394572,1.3763873064387915,8.003363096350352,-0.37766723070645547,9.7574176334956
Influenza,2026-10-05,3,5.097356195476124,0.5147425889542268,9.67996980199802,-1.9111465174282039,12.105858908380451
Influenza,2026-10-12,4,5.313268744663914,-0.17515044683289105,10.80168793616072,-3.0805440652177554,13.707081554545585
Parainfluenza,2026-09-21,1,1.6861957779080397,0.8331321389622293,2.53925941685385,0.3815475266736419,2.9908440291424374
Parainfluenza,2026-09-28,2,1.6490828014832866,0.5062395819426397,2.7919260210239334,-0.09874507411499334,3.3969106770815665
Parainfluenza,2026-10-05,3,1.7666064759507905,0.34823252677847116,3.1849804251231095,-0.4026092869796958,3.9358222388812765
Parainfluenza,2026-10-12,4,2.04022411832707,0.39976388552412656,3.680684351130014,-0.46864330519921626,4.549091541853357
RSV,2026-09-21,1,0.52893328451905,-0.4972800741374661,1.555146643175566,-1.040524611282379,2.098391180320479
RSV,2026-09-28,2,0.8051819697657709,-0.9298726691022212,2.540236608633763,-1.848355113578429,3.458719053109971
RSV,2026-10-05,3,1.145418047460745,-1.2959563996722183,3.586792494593708,-2.588341964859621,4.879178059781111
RSV,2026-10-12,4,1.5156866304911798,-1.6201224404606256,4.651495701442985,-3.2801194897625487,6.311492750744908
Rhinovirus,2026-09-21,1,15.403512347735546,13.167314058644285,17.63971063682681,11.983542190665478,18.823482504805614
Rhinovirus,2026-09-28,2,17.660587689467466,14.672803113304232,20.648372265630698,13.091165498206909,22.230009880728023
Rhinovirus,2026-10-05,3,17.398127499331068,13.781358017072332,21.014896981589803,11.866755905556525,22.929499093105612
Rhinovirus,2026-10-12,4,16.370486690015124,12.337306688261574,20.403666691768674,10.202270163163991,22.538703216866256
hMPV,2026-09-21,1,0.290788264516598,-0.3472073697650627,0.9287838987982587,-0.6849418575518489,1.266518386585045
hMPV,2026-09-28,2,0.48894683745537737,-0.3763339032653421,1.3542275781760968,-0.8343858585708355,1.8122795334815902
hMPV,2026-10-05,3,0.5507507444510182,-0.5128457732730665,1.614347262175103,-1.075879759437882,2.1773812483399184
hMPV,2026-10-12,4,0.8378504760298049,-0.40057854968944295,2.0762795017490525,-1.0561632750183412,2.731864227077951
