week_start,weekly_calls,days_observed,complete_week
2024-02-26,60103,7,TRUE
2024-03-04,59385,7,TRUE
2024-03-11,63292,7,TRUE
2024-03-18,63021,7,TRUE
2024-03-25,73901,7,TRUE
2024-04-01,68842,7,TRUE
2024-04-08,50987,7,TRUE
2024-04-15,46351,7,TRUE
2024-04-22,47341,7,TRUE
2024-04-29,51964,7,TRUE
2024-05-06,56046,7,TRUE
2024-05-13,46835,7,TRUE
2024-05-20,45533,7,TRUE
2024-05-27,48002,7,TRUE
2024-06-03,41299,7,TRUE
2024-06-10,40189,7,TRUE
2024-06-17,42267,7,TRUE
2024-06-24,39516,7,TRUE
2024-07-01,38762,7,TRUE
2024-07-08,38969,7,TRUE
2024-07-15,41379,7,TRUE
2024-07-22,36690,7,TRUE
2024-07-29,32304,7,TRUE
2024-08-05,28232,7,TRUE
2024-08-12,26765,7,TRUE
2024-08-19,26932,7,TRUE
2024-08-26,30536,7,TRUE
2024-09-02,28074,7,TRUE
2024-09-09,31555,7,TRUE
2024-09-16,38828,7,TRUE
2024-09-23,39450,7,TRUE
2024-09-30,42562,7,TRUE
2024-10-07,46763,7,TRUE
2024-10-14,49818,7,TRUE
2024-10-21,49732,7,TRUE
2024-10-28,50802,7,TRUE
2024-11-04,53729,7,TRUE
2024-11-11,58282,7,TRUE
2024-11-18,62660,7,TRUE
2024-11-25,67671,7,TRUE
2024-12-02,69897,7,TRUE
2024-12-09,74665,7,TRUE
2024-12-16,87040,7,TRUE
2024-12-23,99681,7,TRUE
2024-12-30,81580,7,TRUE
2025-01-06,57968,7,TRUE
2025-01-13,52230,7,TRUE
2025-01-20,53873,7,TRUE
2025-01-27,55378,7,TRUE
2025-02-03,54759,7,TRUE
2025-02-10,54362,7,TRUE
2025-02-17,54961,7,TRUE
2025-02-24,40496,7,TRUE
2025-03-03,45866,7,TRUE
2025-03-10,46439,7,TRUE
2025-03-17,49348,7,TRUE
2025-03-24,46223,7,TRUE
2025-03-31,46611,7,TRUE
2025-04-07,44600,7,TRUE
2025-04-14,49636,7,TRUE
2025-04-21,43847,7,TRUE
2025-04-28,34920,7,TRUE
2025-05-05,37870,7,TRUE
2025-05-12,33392,7,TRUE
2025-05-19,35050,7,TRUE
2025-05-26,37849,7,TRUE
2025-06-02,30391,7,TRUE
2025-06-09,30873,7,TRUE
2025-06-16,29317,7,TRUE
2025-06-23,28535,7,TRUE
2025-06-30,26863,7,TRUE
2025-07-07,26254,7,TRUE
2025-07-14,27796,7,TRUE
2025-07-21,26643,7,TRUE
2025-07-28,26287,7,TRUE
2025-08-04,25403,7,TRUE
2025-08-11,25117,7,TRUE
2025-08-18,25576,7,TRUE
2025-08-25,28619,7,TRUE
2025-09-01,26274,7,TRUE
2025-09-08,28912,7,TRUE
2025-09-15,34308,7,TRUE
2025-09-22,37501,7,TRUE
2025-09-29,40844,7,TRUE
2025-10-06,42946,7,TRUE
2025-10-13,44764,7,TRUE
2025-10-20,45670,7,TRUE
2025-10-27,45765,7,TRUE
2025-11-03,46969,7,TRUE
2025-11-10,50125,7,TRUE
2025-11-17,55022,7,TRUE
2025-11-24,67772,7,TRUE
2025-12-01,74478,7,TRUE
2025-12-08,73587,7,TRUE
2025-12-15,71107,7,TRUE
2025-12-22,86061,7,TRUE
2025-12-29,70355,7,TRUE
2026-01-05,53739,7,TRUE
2026-01-12,48729,7,TRUE
2026-01-19,48914,7,TRUE
2026-01-26,48660,7,TRUE
2026-02-02,49888,7,TRUE
2026-02-09,47118,7,TRUE
2026-02-16,44923,7,TRUE
2026-02-23,42364,7,TRUE
2026-03-02,40074,7,TRUE
2026-03-09,40790,7,TRUE
2026-03-16,48461,7,TRUE
2026-03-23,46931,7,TRUE
2026-03-30,53438,7,TRUE
2026-04-06,46628,7,TRUE
2026-04-13,36030,7,TRUE
2026-04-20,32853,7,TRUE
2026-04-27,35309,7,TRUE
2026-05-04,40144,7,TRUE
2026-05-11,34822,7,TRUE
2026-05-18,35604,7,TRUE
2026-05-25,37016,7,TRUE
2026-06-01,31358,7,TRUE
2026-06-08,29635,7,TRUE
2026-06-15,30965,7,TRUE
2026-06-22,30600,7,TRUE
2026-06-29,30269,7,TRUE
2026-07-06,27213,7,TRUE
2026-07-13,27453,7,TRUE
2026-07-20,27336,7,TRUE
2026-07-27,26103,7,TRUE
2026-08-03,25540,7,TRUE
2026-08-10,23877,7,TRUE
2026-08-17,23886,7,TRUE
2026-08-24,26109,7,TRUE
2026-08-31,32658,7,TRUE
2026-09-07,31470,7,TRUE
2026-09-14,37177,7,TRUE
