date,Adenovirus,Influenza,Parainfluenza,RSV,Rhinovirus,hMPV
2017-07-03,4.64,1.71,3.15,0.29,16.9,1.07
2017-07-10,4.73,1.22,3.28,0.46,17.04,0.59
2017-07-17,4.87,0.8,3.34,0.4,16.9,0.53
2017-07-24,4.58,0.73,4.14,0.81,16.1,0.54
2017-07-31,5.25,1.25,4.01,1.17,15.41,0.56
2017-08-07,4.36,0.97,4.6,0.35,16.12,0.59
2017-08-14,3.89,1.25,3.94,0.54,12.46,0.7
2017-08-21,3.36,0.86,3.72,1.14,14.77,0.33
2017-08-28,3.81,1.12,4.47,1.22,15.97,0.34
2017-09-04,3.3,2.42,3.94,0.72,16.18,1.14
2017-09-11,3.05,2.84,4.08,0.88,22.64,0.59
2017-09-18,3.08,2,4.89,1.17,24.38,1.02
2017-09-25,3.23,1.52,5.04,1.89,26.67,0.66
2017-10-02,2.02,1.71,5.32,3.65,26.81,0.63
2017-10-09,4.14,1.89,5.79,4.15,26.65,0.76
2017-10-16,3.44,1.74,6.56,6.92,22.66,1.39
2017-10-23,3.22,1.32,6.96,9.4,22.59,1.47
2017-10-30,3.46,1.03,5.78,11.16,20.18,1.3
2017-11-06,3.57,1.14,6.47,14.8,17.96,2.58
2017-11-13,3.16,1.85,4.93,20.34,17.6,3.35
2017-11-20,3.6,3.42,4.74,22.79,18.21,4.21
2017-11-27,2.27,3.27,3.08,22.74,14.8,4.62
2017-12-04,2.64,7.44,2.42,20.92,12.49,5.04
2017-12-11,2.47,9.78,3.05,17.86,10.76,5.4
2017-12-18,2.4,19.9,2.54,15.28,9.57,5.18
2017-12-25,2.12,25.71,2.32,10.81,6.9,6.62
2018-01-01,2.11,25.57,1.77,7.65,6.46,5.32
2018-01-08,1.87,25.36,1.72,4.83,5.7,4.19
2018-01-15,2.23,24.05,1.48,4.01,5.51,3.14
2018-01-22,2.46,24.52,1,2.76,7.59,3.43
2018-01-29,2.23,23.07,0.86,2.33,8.21,2.7
2018-02-05,2.81,22.11,1.21,1.81,8.57,2.63
2018-02-12,3.32,25.94,1.49,1.78,8.09,2.86
2018-02-19,2.94,25.58,1.28,1.96,7.88,3.02
2018-02-26,3.35,23.25,1.11,1.23,9.07,2.08
2018-03-05,3.41,22.06,2.35,1.51,8.04,2.45
2018-03-12,2.94,18.65,2.75,1.54,8.74,3.03
2018-03-19,3.79,15.92,2.81,1.63,10.13,2.91
2018-03-26,4.84,16.55,3.24,1.86,10.92,2.19
2018-04-02,4.31,15.13,3.94,1.81,11.73,2.44
2018-04-09,5.03,9.77,5.78,1.64,10.98,2.1
2018-04-16,3.99,5.89,5.74,1.48,11.6,2.14
2018-04-23,3.99,2.91,7.44,1.45,12.78,1.37
2018-04-30,5.03,2.34,7.43,1.04,15.39,1.99
2018-05-07,4.76,1.53,8.42,0.91,17.25,2.42
2018-05-14,3.94,1.48,7.05,0.85,15.57,1.32
2018-05-21,3.72,1.05,8.72,0.8,17.4,1.14
2018-05-28,4.31,0.59,8.78,1.24,13.38,0.99
2018-06-04,5.1,0.31,7.39,1.32,14.21,1.77
2018-06-11,4.01,0.67,7.32,1.01,14.02,0.9
2018-06-18,4.74,0.44,5.67,0.51,16.9,0.89
2018-06-25,4.78,0.56,6.67,1.51,18.5,0.7
2018-07-02,4.58,0.5,4.98,0.94,16.99,0.55
2018-07-09,4.5,0.43,5.32,0.88,14.24,1.11
2018-07-16,3.37,0.15,3.38,0.62,15.28,0.66
2018-07-23,3.1,0.25,5.09,0.92,13.45,0.73
2018-07-30,3.13,0.53,3.62,0.89,14.04,0.29
2018-08-06,3.33,0.54,4.18,1.28,12.18,0.39
2018-08-13,2.13,0.52,3.53,0.86,10.25,0.47
2018-08-20,2.17,0.44,3.23,1.58,12.97,0.19
2018-08-27,2.78,1.33,2.05,2.67,12.99,0.2
2018-09-03,3.19,2.27,2.67,1.62,14.72,0.46
2018-09-10,2.5,1.11,2.82,1.48,18.63,0.32
2018-09-17,2.92,0.5,1.88,2.06,21.52,0.62
2018-09-24,2.09,0.45,2.04,3.38,21.33,0.42
2018-10-01,1.85,0.67,2.72,3.49,18.57,0.18
2018-10-08,2.82,0.8,2.2,5,18.87,0.44
2018-10-15,3.06,0.54,2.26,7.98,18.67,0.42
2018-10-22,3.1,0.93,3.03,11.39,17.87,0.57
2018-10-29,3.56,1.7,3.05,16.53,16.54,1.01
2018-11-05,3.58,2.51,2.77,19.32,13.44,0.98
2018-11-12,2.81,2.42,1.91,22.6,12.09,1.38
2018-11-19,2.33,3.17,2.66,24.72,13.36,1.2
2018-11-26,2.5,3.77,2.27,25.35,12.96,1.47
2018-12-03,2.8,5.15,3.07,22.54,12.08,2.34
2018-12-10,2.82,6.44,2.11,18.28,13.64,2.66
2018-12-17,3.39,12.18,2.49,13.02,13.78,3.63
2018-12-24,2.59,17.3,2.39,11.12,11.41,3.85
2018-12-31,1.89,15.76,2.6,10.04,12,4.64
2019-01-07,2.26,20.89,2.18,6.75,9.32,4.23
2019-01-14,2.45,21.33,2.02,6.34,8.52,3.35
2019-01-21,2.69,23.44,2.14,4.52,9.27,3.64
2019-01-28,2.68,25.51,2.36,3.73,9.45,3.54
2019-02-04,2.58,28.12,2.89,2.84,9.8,4.84
2019-02-11,2.46,26.6,3.25,2.67,8.24,4.21
2019-02-18,3.11,21.7,3.65,1.95,10.55,5
2019-02-25,3.49,15.55,3.77,2.07,10.2,4.83
2019-03-04,4.04,11.4,4.06,1.71,10.4,4.2
2019-03-11,4.27,11.35,5.16,1.35,12.09,5
2019-03-18,5.28,10.4,5.77,1.01,14.4,5.54
2019-03-25,4.51,9.28,6.74,0.96,14.27,5.27
2019-04-01,4.69,7.37,6.98,0.54,15.22,4.95
2019-04-08,4.43,7.22,7.3,0.94,11.87,4.04
2019-04-15,3.72,6.47,6.77,0.87,11.21,4.41
2019-04-22,3.96,5.54,8.27,0.32,11.19,4.15
2019-04-29,5.21,3.74,8.76,0.79,11.7,2.68
2019-05-06,4.35,3.45,8.13,0.52,12.75,2.3
2019-05-13,4.64,2.57,6.39,0.59,16.52,2.19
2019-05-20,4.07,2.65,7.73,0.5,15.39,1.55
2019-05-27,4.62,1.37,6.4,0.12,16.04,2.3
2019-06-03,4.52,2.03,5.04,0.2,14.6,2.21
2019-06-10,5.38,1.73,3.47,0.07,15.58,1.76
2019-06-17,4.78,1.15,5.69,0.51,19.49,1.16
2019-06-24,3.9,1.02,4.65,0.26,18.7,1.22
2019-07-01,4.37,1.25,4.62,0.25,14.94,1.24
2019-07-08,5.27,0.95,3.41,0.32,15.72,1.3
2019-07-15,4.77,1.09,4.34,0.26,15.68,0.5
2019-07-22,5.11,0.74,4.92,0.22,16.37,0.96
2019-07-29,3.55,0.98,3.86,0.45,11.67,0.5
2019-08-05,4.2,0.86,4.15,0.63,10.41,0.52
2019-08-12,3.11,1.85,3.14,0.65,9.71,0.52
2019-08-19,3.6,2.51,3.87,0.29,13.35,0.49
2019-08-26,3.74,2.27,4.18,1.51,11.68,0.37
2019-09-02,3.21,1.19,3.45,1.19,11.93,0.42
2019-09-09,3,1.36,4.64,1.1,17.94,0.23
2019-09-16,2.18,1.07,4.22,0.9,23.14,0.2
2019-09-23,2.52,2.07,4.57,1.17,25.97,0.25
2019-09-30,2.48,1.22,4.23,1.45,23.72,0.67
2019-10-07,2.67,2.49,4.82,1.81,22.83,0.57
2019-10-14,2.83,2.68,4.74,3.33,22.83,0.71
2019-10-21,2.26,2.74,3.94,5.01,20.55,1.21
2019-10-28,2.66,3.45,5.13,6.35,18.9,0.86
2019-11-04,2.42,3.62,4.55,8.96,14.99,1.12
2019-11-11,2.31,7.12,4.86,10.95,15.81,1.58
2019-11-18,2.94,15.18,4.1,13.31,13.78,1.93
2019-11-25,2.47,17.01,3.74,16.32,10.41,1.31
2019-12-02,2.16,20.23,3.65,16.47,10.4,2.38
2019-12-09,2.52,21.12,3.28,15.94,8.71,1.94
2019-12-16,2.14,22.57,2.31,14.88,7.11,2.49
2019-12-23,2.19,25.87,2.47,14.02,8.6,3.62
2019-12-30,2.24,19.22,1.72,12.74,8.58,4.51
2020-01-06,2.36,12.89,2.03,10.65,7.6,3.84
2020-01-13,3.45,9.22,1.95,7.41,8.12,4.62
2020-01-20,3.6,6.92,1.85,6.94,12.68,4.11
2020-01-27,3.62,7.85,1.37,5.52,12.36,4.04
2020-02-03,3.41,5.73,1.2,3.2,12.66,4.83
2020-02-10,3.04,6.71,1.23,2.51,12.09,4.16
2020-02-17,4.58,6.45,1.37,2.71,11.99,4.53
2020-02-24,2.55,5.88,1.31,1.22,9.11,4.55
2020-03-02,3.36,5.49,1.6,1.42,10.98,4.92
2020-03-09,2.72,3.86,1.87,1.01,11.32,4.55
2020-03-16,2.7,1.97,1.45,0.96,9.03,3.44
2020-03-23,1.75,0.82,0.89,0.4,6.88,2.19
2020-03-30,1.01,0.14,0.52,0.22,4.47,1.79
2020-04-06,1.07,0.17,0.61,0.14,3.25,1.76
2020-04-13,1.02,2.48,0.25,0.89,2.59,0.81
2020-04-20,0.66,0.58,0.55,0.75,2.73,0.81
2020-04-27,0.82,0.06,0.24,0.44,2.84,1.25
2020-05-04,1.01,0,0.21,0.21,3.18,0.33
2020-05-11,1.17,0,0.22,0,2.4,0
2020-05-18,1.46,0,0.41,0.31,1.91,0
2020-05-25,0.36,0,0.12,0,2.85,0.57
2020-06-01,0.68,0,0.21,0.2,2.21,0.76
2020-06-08,1.01,0,0.1,0.3,1.75,0.31
2020-06-15,1.55,0,0.25,0.12,2.88,0.61
2020-06-22,1.56,0,0.14,0.13,1.7,0.14
2020-06-29,1.83,0,0,0,0.67,0
2020-07-06,2.45,0.12,0.39,0.25,1.86,0.63
2020-07-13,1.88,0,0.13,0,2.22,0.23
2020-07-20,1.89,0.12,0.13,0,3.03,0.26
2020-07-27,1.04,0,0,0,4.35,0.14
2020-08-03,1.41,0,0,0,6.82,0.7
2020-08-10,1.1,0,0,0,6.61,0
2020-08-17,1.16,0,0,0,6.97,0.34
2020-08-24,1.14,0,0,0.1,8.4,0.21
2020-08-31,1.51,0.1,0,0.2,8.56,0.21
2020-09-07,1.14,0,0,0,16.34,0.55
2020-09-14,1.47,0.23,0.06,0.17,23.82,1.32
2020-09-21,1.61,0.07,0.17,0,24.49,0.59
2020-09-28,1.64,0.19,0,0.06,24.36,0.69
2020-10-05,1.89,0.12,0,0.06,21.53,0.33
2020-10-12,2.07,0.06,0,0,20.45,0.21
2020-10-19,2.16,0,0.1,0,17.65,0.41
2020-10-26,2.53,0,0,0.1,17.25,0.31
2020-11-02,2.64,0.05,0,0.05,15.5,0
2020-11-09,1.8,0.05,0.18,0.05,16.11,0.26
2020-11-16,2.55,0.26,0.38,0.26,13.16,0
2020-11-23,1.59,0.17,0.08,0.06,12.12,0.08
2020-11-30,2.06,0.09,0.07,0.09,11.27,0
2020-12-07,2.32,0.06,0,0,10.32,0
2020-12-14,1.8,0.16,0.15,0.04,10.88,0
2020-12-21,1.95,0.06,0.2,0.13,9.15,0.11
2020-12-28,2.63,0,0.09,0,10.81,0.17
2021-01-04,1.82,0.04,0.25,0,6.38,0
2021-01-11,1.69,0.04,0.09,0,5.22,0.3
2021-01-18,2.07,0,0.07,0,4.18,0.06
2021-01-25,1.35,0,0,0.02,2.1,0
2021-02-01,2.11,0,0.07,0,3.04,0.07
2021-02-08,1.25,0,0.15,0.02,3.73,0.06
2021-02-15,1.93,0,0.08,0,3.72,0
2021-02-22,1.82,0.02,0,0,2.55,0.14
2021-03-01,1.54,0,0.08,0.04,3.49,0.23
2021-03-08,2.28,0,0.09,0.02,3.9,0.49
2021-03-15,1.93,0.02,0.24,0.04,6.65,0.39
2021-03-22,2.02,0.03,0.17,0.05,10.26,0.72
2021-03-29,2.42,0.05,1.14,0.02,14.09,0.39
2021-04-05,1.75,0.03,0.09,0.05,11.93,0.64
2021-04-12,2.45,0.09,0.19,0.07,12.09,0.29
2021-04-19,2.15,0,0.92,0.04,8.6,1.26
2021-04-26,3.58,0,1.64,0.16,7.87,1.66
2021-05-03,3.02,0,1.95,0.09,11.32,1.05
2021-05-10,2.15,0,3.01,0.43,11.2,0.91
2021-05-17,2.35,0,6.4,0.51,13.35,0.54
2021-05-24,2.07,0,10.41,0.98,11.51,0.6
2021-05-31,3.07,0.08,14.11,1.89,11.62,1.49
2021-06-07,2.72,0,10.02,1.29,8.38,0.81
2021-06-14,2.44,0,10.24,1.64,8.61,0.26
2021-06-21,2,0,10.45,2.72,8.19,0.39
2021-06-28,1.74,0.03,8.99,3.62,12.14,0.8
2021-07-05,1.88,0,8.7,6.88,12.33,0.74
2021-07-12,1.55,0,6.35,8.85,11.91,0.91
2021-07-19,1.73,0,4.4,12.99,11.22,1.44
2021-07-26,1.68,0.03,3.01,14.56,9.11,1.19
2021-08-02,1.61,0.03,2.03,15,7.49,1.16
2021-08-09,1.58,0.08,1.75,14.11,6.57,1.06
2021-08-16,1.46,0.03,1.41,13.71,9.31,1.16
2021-08-23,1.36,0.03,1.35,13.68,7.8,1.26
2021-08-30,1.21,0.04,1.72,12.87,9.47,1.47
2021-09-06,1.5,0,1.05,9.94,14.95,2.11
2021-09-13,1.07,0.09,0.91,9.23,17.65,1.68
2021-09-20,0.94,0.23,1.14,8.02,22.97,2.47
2021-09-27,1.75,0.47,1.61,9.25,22.49,3.32
2021-10-04,1.38,0.75,2.65,11,18.36,3.37
2021-10-11,1.35,0.7,2.22,9.99,16.08,3.93
2021-10-18,1.96,0.78,2.28,9.85,15.85,3.85
2021-10-25,1.79,0.76,2.81,9.2,13.16,5.18
2021-11-01,1.85,0.43,2.96,7.92,11.04,5.25
2021-11-08,2.21,0.9,1.96,4.84,11.8,7.04
2021-11-15,2.72,0.64,1.9,4.04,11.43,8.08
2021-11-22,2.96,0.78,1.95,4.25,14.09,8.88
2021-11-29,2.13,0.95,1.86,4.65,13.42,10.76
2021-12-06,3.14,1.03,1.22,3.27,12.69,10.2
2021-12-13,2.89,1.07,1.23,3.56,12.61,7.68
2021-12-20,2.67,0.83,0.93,3.1,11.48,6.18
2021-12-27,3.03,0.61,1.16,2.44,12.61,4.73
2022-01-03,2.11,0.58,1.53,2.5,8.64,3.63
2022-01-10,2.11,0.99,0.79,1.86,9.38,2.41
2022-01-17,2.68,0.37,0.96,1.52,11.24,1.98
2022-01-24,4.02,0.48,1,1.85,13.4,1.35
2022-01-31,2.59,0.39,1.01,0.78,13.05,1.22
2022-02-07,3.02,1.55,0.96,1.76,13.72,0.96
2022-02-14,3.87,0.89,1.08,1.03,11.99,0.6
2022-02-21,3.21,1.21,1.89,0.68,11.89,0.52
2022-02-28,4.29,1.6,1.72,1.22,12.86,1.1
2022-03-07,2.67,2.48,2.86,1.69,11.46,0.9
2022-03-14,2.64,3.16,3.17,0.93,12.61,0.83
2022-03-21,2.69,4.34,3.38,0.79,11.11,0.69
2022-03-28,2.48,5,3.61,0.66,10.66,0.53
2022-04-04,3.44,5.02,3.49,1.82,8.59,0.63
2022-04-11,3.29,4.77,4.44,2.08,7.21,0.53
2022-04-18,4.2,2.94,4.95,1.88,8.09,0.46
2022-04-25,4.25,2.19,4.46,1.41,7.46,0.34
2022-05-02,4.11,2.01,4.07,2.11,10.53,0.51
2022-05-09,2.5,2.58,4.58,3.34,13.66,0.54
2022-05-16,3.92,1.36,5.49,3.04,13.97,0.44
2022-05-23,3.26,0.86,4.93,4.16,12.51,0.31
2022-05-30,4.1,1.01,5.06,4.64,15.18,0.52
2022-06-06,3.81,1.61,4.54,4.07,13.04,0.58
2022-06-13,3.95,0.53,5.29,3.83,13.02,0.57
2022-06-20,3.81,0.52,4.63,4.8,10.78,0.32
2022-06-27,3.37,0.47,3.7,5.02,10.24,0.24
2022-07-04,4.19,0.7,3.9,5.03,11.14,0.41
2022-07-11,4.7,1.26,4.22,7.02,11.15,0.53
2022-07-18,6.25,0.57,3.57,5.91,10.27,0.39
2022-07-25,5.43,0.53,2.86,6.25,9.92,0.43
2022-08-01,5.06,0.81,2.7,5.71,6.62,0.21
2022-08-08,4.79,1.91,2.66,5.99,8.31,0.23
2022-08-15,4.22,0.88,1.71,4.23,6.13,0.28
2022-08-22,4.03,0.58,1.9,2.67,5.64,0
2022-08-29,3.3,1.17,1.23,2.97,8.65,0.32
2022-09-05,2.78,2.51,1.45,3.31,11.45,0.43
2022-09-12,2.98,3.44,1.7,3.27,20.07,0.75
2022-09-19,2.37,2.59,2.5,3.16,24.35,1.22
2022-09-26,1.79,3.14,2.35,3.35,22.52,0.57
2022-10-03,2.37,4.47,1.89,3.22,23.22,0.8
2022-10-10,2.27,5.68,2.26,5.18,21.76,0.71
2022-10-17,2.3,6.24,2.1,6.61,20.35,0.54
2022-10-24,2.43,7.6,1.95,9.4,17.03,1.14
2022-10-31,3.18,7.97,2.51,9.19,14.86,1.2
2022-11-07,3.78,9.32,2.1,10.37,15.69,1.56
2022-11-14,3.18,9.72,1.56,12.92,15.53,1.93
2022-11-21,3.07,12.38,1.91,13.68,14.47,3.64
2022-11-28,2.96,16.45,1.67,11.05,14.29,3.84
2022-12-05,3.3,22.74,1.53,10.02,12,5.01
2022-12-12,2.83,29.18,1.75,7.91,10.63,4.26
2022-12-19,2.75,32.64,1.42,7.91,10.17,5.04
2022-12-26,3.23,28.02,1.29,7.11,8.92,5.54
2023-01-02,2.6,14.67,1.13,5.93,7.73,4.46
2023-01-09,2.78,7.08,1.25,5.05,8.01,3.71
2023-01-16,3.8,3.41,1.27,4.01,10.74,3.65
2023-01-23,3.69,3.29,1.14,3.19,15.53,3.37
2023-01-30,3.45,2.66,1.37,2.72,17.59,3.55
2023-02-06,4.06,2.03,1.54,2.46,16.38,3.74
2023-02-13,3.93,2.55,1.83,1.92,16.32,3.17
2023-02-20,4.85,2.37,2.88,1.91,15.01,3.2
2023-02-27,4.1,1.9,3.12,1.28,14.13,2.73
2023-03-06,2.98,2.55,3.99,1.51,15.81,3.49
2023-03-13,4.08,2.19,5.53,1.01,15.55,3.37
2023-03-20,3.77,1.61,5.41,0.77,15.16,2.78
2023-03-27,3.89,1.61,6.39,0.52,15.5,1.92
2023-04-03,3.51,1.62,5.96,0.74,15.54,1.95
2023-04-10,3.69,1.1,6.67,0.77,14,1.83
2023-04-17,3.62,0.94,6.63,0.61,11.53,0.95
2023-04-24,3.26,1.06,6.01,0.35,11.84,1.29
2023-05-01,2.94,0.94,4.98,0.64,14.64,0.94
2023-05-08,2.7,0.88,4.41,1.21,13.89,1.1
2023-05-15,2.87,0.41,5.4,0.59,15.72,0.67
2023-05-22,2.4,0.66,4.99,0.36,13.61,0.79
2023-05-29,1.85,0.4,4.91,0.59,15.55,1.06
2023-06-05,2.19,0.49,4.7,0.38,11.08,0.82
2023-06-12,2.36,0.47,3.46,0.46,12.07,0.67
2023-06-19,2.31,0.6,3.37,0.32,10.94,0.89
2023-06-26,1.97,0.34,3.41,0.27,10.27,0.72
2023-07-03,1.49,0.64,3.45,0.4,12.36,0.34
2023-07-10,2.29,0.57,3.89,0.71,15.57,0.53
2023-07-17,1.76,0.73,4.38,0.27,15.45,0.69
2023-07-24,2.01,0.72,3.89,0.4,16.42,0.47
2023-07-31,1.66,0.35,3.6,0.93,14.16,0.52
2023-08-07,1.91,1.1,3.34,2.28,13.07,0.4
2023-08-14,1.73,0.5,2.05,0.97,12.24,0.29
2023-08-21,1.76,0.56,2.08,0.79,11.09,0.38
2023-08-28,1.82,0.53,1.4,1.13,8.73,0.61
2023-09-04,1.29,0.82,1.15,1.54,8.74,0.46
2023-09-11,1.77,1.11,1.2,2.57,10.57,0.46
2023-09-18,1.38,0.83,1.23,1.59,17.03,0.42
2023-09-25,1.52,0.61,1.35,2.16,20.81,0.26
2023-10-02,1.81,1.1,0.88,4,24.69,0.54
2023-10-09,1.65,1.1,1.1,4.72,23.65,0.83
2023-10-16,1.62,1.03,1.17,6.65,21.43,0.97
2023-10-23,2.29,1.11,1.12,9.35,20.49,1.08
2023-10-30,1.98,1.55,1.01,11.08,17.07,1.55
2023-11-06,2.06,1.94,1.01,11.87,18.21,1.54
2023-11-13,1.96,1.74,0.92,13.89,16.01,1.91
2023-11-20,1.72,1.97,1.39,14.1,13.8,3.07
2023-11-27,1.8,2.94,1.58,13.4,16.43,2.95
2023-12-04,1.58,6.07,1.5,11.67,14.38,4.04
2023-12-11,1.47,9.59,1.56,9.61,12.1,3.57
2023-12-18,1.69,11.45,1.88,8.39,11.6,4.04
2023-12-25,1.61,11.71,2.29,6.51,10.08,4.58
2024-01-01,1.72,9.74,2.83,4.84,9.9,4.21
2024-01-08,1.59,10,2.62,3.98,6.83,3.08
2024-01-15,1.72,13.81,2.68,2.74,7.89,3.17
2024-01-22,1.82,17.6,2.9,2.02,8.52,3.59
2024-01-29,1.9,15.49,2.46,1.51,8.69,2.92
2024-02-05,1.79,12.81,3.25,1.27,8.77,2.13
2024-02-12,1.98,10.9,3.84,1.08,8.42,2.4
2024-02-19,2.21,8.23,3.91,1,8.55,2.62
2024-02-26,1.77,6.21,5.07,0.67,9.26,2.89
2024-03-04,1.96,5.77,5.76,0.86,9.01,2.37
2024-03-11,2.07,6.42,7.55,0.89,10.7,3.2
2024-03-18,1.85,4.89,6.73,0.82,11.61,2.61
2024-03-25,2.39,3.81,7.15,0.46,12.59,2.66
2024-04-01,1.91,3.74,7.75,0.57,11.63,2.69
2024-04-08,2.1,2.71,6.33,0.48,9.66,2.95
2024-04-15,1.64,2.23,6.55,0.44,10.62,2.14
2024-04-22,1.78,2.39,5.12,0.32,11.06,1.99
2024-04-29,1.73,2.5,5.05,0.44,12.47,1.67
2024-05-06,2.18,1.87,4.48,0.42,12.82,2.14
2024-05-13,1.62,1.38,4.03,0.29,11.79,1.92
2024-05-20,1.47,0.97,3.3,0.26,11.04,1.95
2024-05-27,1.78,0.78,3.58,0.35,11.33,1.76
2024-06-03,2.52,0.86,3.3,0.45,10.48,2
2024-06-10,1.82,0.82,2.17,1.09,10.1,1.29
2024-06-17,1.55,0.81,2.85,0.21,10.8,1.55
2024-06-24,1.88,0.56,2.43,0.26,11.36,1.51
2024-07-01,1.9,0.68,2.5,0.27,10.58,1.18
2024-07-08,1.48,1.18,2.63,1.01,9.1,1.14
2024-07-15,1.75,1.25,2,0.37,10.19,1.73
2024-07-22,1.88,1.13,1.91,0.3,10.06,0.91
2024-07-29,1.56,1.31,2.15,0.34,8.11,0.89
2024-08-05,1.54,0.86,1.67,0.54,7.3,1.05
2024-08-12,1.54,1.42,1.71,1.27,6.15,1.53
2024-08-19,1.6,1.01,1.59,0.48,6.67,1.16
2024-08-26,1.54,0.9,1.31,0.62,6.16,0.8
2024-09-02,1.17,0.97,1.3,0.34,7.07,0.57
2024-09-09,1.07,1.14,0.91,0.95,11.61,0.76
2024-09-16,1.43,1.31,0.93,0.77,15.62,0.8
2024-09-23,1.7,1.39,1.22,0.65,17.26,0.6
2024-09-30,1.47,1.74,1.37,1.35,16.52,0.34
2024-10-07,1.76,2.23,1.78,2.09,16.89,1.06
2024-10-14,1.62,2.11,2.32,3.22,15.86,1.58
2024-10-21,1.93,3.04,2.27,5,14.76,1.49
2024-10-28,1.65,2.8,2.68,6.62,15.25,1.2
2024-11-04,1.91,3.07,2.96,9.38,12.75,1.8
2024-11-11,2.51,4.4,2.97,11.78,13.76,1.63
2024-11-18,1.87,6.92,2.83,13.41,12.25,2.33
2024-11-25,1.7,10.48,3,15.26,10.65,2.27
2024-12-02,1.94,14.68,2.32,12.91,10.34,2.44
2024-12-09,1.98,17.83,2.84,11.54,8.81,2.26
2024-12-16,2.51,21.43,2.56,9.26,8.44,3.81
2024-12-23,1.62,26.66,1.87,7.38,6.73,4.01
2024-12-30,1.76,22.9,1.56,5.95,7.37,4.27
2025-01-06,1.72,17.36,1.93,4.84,7.12,3.27
2025-01-13,1.94,15.26,1.37,4.37,7.19,3.75
2025-01-20,1.95,13.82,1.13,3.91,8.95,3.47
2025-01-27,2.68,13.17,0.87,2.5,9.06,3.79
2025-02-03,3.03,11.63,1.39,2.36,10.41,3.73
2025-02-10,3.06,10.28,1.43,2.35,10.3,3.94
2025-02-17,3.4,10.03,1.46,1.82,10.13,4.79
2025-02-24,3.13,8.76,1.78,1.63,8.43,4.02
2025-03-03,3.29,6.78,1.91,0.83,9.62,3.54
2025-03-10,2.59,7.36,2.06,1.08,8.26,3.55
2025-03-17,2.63,6.45,2.71,1.31,10.47,4.54
2025-03-24,3.07,6.17,2.97,0.9,10.37,4.99
2025-03-31,2.91,4.84,3.42,1.19,10.89,4.26
2025-04-07,4.05,3.77,4.27,0.64,10.56,4.03
2025-04-14,3.84,3.02,4.39,0.68,9.6,4.16
2025-04-21,3.28,2.02,3.81,0.31,8.98,2.95
2025-04-28,2.86,1.58,3.98,0.44,10.51,3.76
2025-05-05,3.18,1.58,4.32,0.26,11.58,2.78
2025-05-12,2.94,1.27,4.03,0.19,10.9,1.69
2025-05-19,2.63,1.18,5.33,0.27,11.07,1.51
2025-05-26,2.36,0.87,4.57,0.32,10.76,1.09
2025-06-02,2.17,0.69,3.42,0.16,11.91,1.02
2025-06-09,2.15,1.09,3.84,0.26,10.02,0.85
2025-06-16,2.21,0.84,3.4,0.17,9.51,1.17
2025-06-23,2.66,0.98,3.07,0.18,11.17,1.18
2025-06-30,2.28,0.49,3.15,0.19,10.79,1.17
2025-07-07,2.42,1.18,2.11,0.56,10.11,0.91
2025-07-14,2.31,0.6,3.06,0.11,9.06,0.85
2025-07-21,2.02,0.88,2.73,0.3,9.61,0.72
2025-07-28,1.84,0.54,2.86,0.19,8.46,0.47
2025-08-04,1.62,1.02,2.41,0.19,9.04,0.56
2025-08-11,1.74,0.97,2.36,0.45,7.56,0.69
2025-08-18,1.24,1.13,1.92,0.31,7.99,0.66
2025-08-25,1.32,1.63,1.26,0.23,6.68,0.5
2025-09-01,1.47,0.99,1.71,0.33,7.5,1.02
2025-09-08,1.17,1.32,1.65,0.57,9.7,0.48
2025-09-15,1.33,1.33,1.91,0.38,14.64,0.44
2025-09-22,2.82,2.72,1.52,0.43,16.82,0.35
2025-09-29,2.19,4.81,1.4,0.6,20.38,0.76
2025-10-06,1.47,6.66,1.53,1.05,19.53,0.11
2025-10-13,1.7,7.53,1.91,1.34,18.68,0.81
2025-10-20,1.78,9.47,2.56,2.47,16.6,0.35
2025-10-27,1.72,11.95,2.86,2.8,15.89,0.39
2025-11-03,2.01,12.87,1.96,4.1,14.83,0.99
2025-11-10,2.15,11.07,2.99,6.7,16.84,0.98
2025-11-17,1.16,10.5,3.85,8.67,17.08,0.68
2025-11-24,1.97,15.63,2.67,9.94,15.74,1.33
2025-12-01,1.61,21.44,3.11,10.86,14.17,2.09
2025-12-08,1.23,19.79,3.03,10.01,13.1,1.87
2025-12-15,1.77,17.46,2.85,10.12,14.87,3.02
2025-12-22,1.8,15.07,2.88,10.09,14.58,3.93
2025-12-29,1.47,14.5,3.25,8.62,12.24,3.23
2026-01-05,1.24,12.89,3.04,7.22,13.67,3.03
2026-01-12,1.36,11.48,2.7,6.6,11.42,3.62
2026-01-19,1.92,9.16,2.55,5.99,13.52,3.55
2026-01-26,2.22,7.18,2.23,4.86,12.7,3.71
2026-02-02,3.09,5.26,2.49,4.63,12.84,4.46
2026-02-09,3.74,3.96,2.39,3.62,14.03,3.41
2026-02-16,4.67,3,2.51,2.68,11.76,3.6
2026-02-23,3.66,2.32,2.71,2.03,11.38,3.43
2026-03-02,3.09,1.65,2.85,1.39,11.03,2.97
2026-03-09,3.15,1.52,3.58,1.08,11.62,2.88
2026-03-16,4.18,1.41,3.82,1.15,13.68,3.22
2026-03-23,4.62,1.3,3.48,1.02,13.8,2.98
2026-03-30,4.77,1.02,3.83,1.1,12.88,2.94
2026-04-06,4.49,1.24,3.49,0.62,13.3,3.2
2026-04-13,4.88,0.78,4.13,0.83,13.25,2.81
2026-04-20,3.51,0.95,4.23,0.4,11.73,2.14
2026-04-27,2.98,0.56,3.93,0.42,9.61,2
2026-05-04,2.21,1.19,3.73,0.26,12.65,1.95
2026-05-11,2.25,1.05,3.5,0.31,11.91,1.34
2026-05-18,2.24,0.97,3.43,0.34,13.7,0.78
2026-05-25,2.63,0.92,3.55,0.24,11.96,1.29
2026-06-01,2.62,0.41,4.06,0.37,9.96,0.39
2026-06-08,3.25,0.82,3.24,0.41,8.58,1.04
2026-06-15,3.3,0.45,2.78,0.16,10.49,0.87
2026-06-22,2.36,0.41,2.08,0.24,11.19,1.07
2026-06-29,1.79,0.34,2.32,0.15,10.01,0.83
2026-07-06,2.13,0.79,2.54,0.32,9.6,0.62
2026-07-13,2.76,0.78,2.06,0.43,9.18,0.31
2026-07-20,1.98,0.45,1.7,0.26,10.01,0.13
2026-07-27,2.18,0.81,2.27,0.21,7.63,0.57
2026-08-03,1.74,1.08,3.12,0.23,8.53,0.48
2026-08-10,1.66,1.62,3.31,0.13,7.06,0.24
2026-08-17,1.05,2.22,2.93,0.2,6.88,0.18
2026-08-24,1.05,2.35,1.71,0.11,7,0
2026-08-31,1.26,2.47,1.6,0.11,7.02,0
2026-09-07,1.6,3.45,1.6,0.61,9.69,0.08
2026-09-14,0.69,3.74,2.01,0.37,12.78,0.19
