week_start,influenza_positivity,weekly_calls,days_observed,complete_week,season_start_year,season
2024-02-26,6.21,60103,7,TRUE,2023,2023/24
2024-03-04,5.77,59385,7,TRUE,2023,2023/24
2024-03-11,6.42,63292,7,TRUE,2023,2023/24
2024-03-18,4.89,63021,7,TRUE,2023,2023/24
2024-03-25,3.81,73901,7,TRUE,2023,2023/24
2024-04-01,3.74,68842,7,TRUE,2023,2023/24
2024-04-08,2.71,50987,7,TRUE,2023,2023/24
2024-04-15,2.23,46351,7,TRUE,2023,2023/24
2024-04-22,2.39,47341,7,TRUE,2023,2023/24
2024-04-29,2.5,51964,7,TRUE,2023,2023/24
2024-05-06,1.87,56046,7,TRUE,2023,2023/24
2024-05-13,1.38,46835,7,TRUE,2023,2023/24
2024-05-20,0.97,45533,7,TRUE,2023,2023/24
2024-05-27,0.78,48002,7,TRUE,2023,2023/24
2024-06-03,0.86,41299,7,TRUE,2023,2023/24
2024-06-10,0.82,40189,7,TRUE,2023,2023/24
2024-06-17,0.81,42267,7,TRUE,2023,2023/24
2024-06-24,0.56,39516,7,TRUE,2023,2023/24
2024-07-01,0.68,38762,7,TRUE,2024,2024/25
2024-07-08,1.18,38969,7,TRUE,2024,2024/25
2024-07-15,1.25,41379,7,TRUE,2024,2024/25
2024-07-22,1.13,36690,7,TRUE,2024,2024/25
2024-07-29,1.31,32304,7,TRUE,2024,2024/25
2024-08-05,0.86,28232,7,TRUE,2024,2024/25
2024-08-12,1.42,26765,7,TRUE,2024,2024/25
2024-08-19,1.01,26932,7,TRUE,2024,2024/25
2024-08-26,0.9,30536,7,TRUE,2024,2024/25
2024-09-02,0.97,28074,7,TRUE,2024,2024/25
2024-09-09,1.14,31555,7,TRUE,2024,2024/25
2024-09-16,1.31,38828,7,TRUE,2024,2024/25
2024-09-23,1.39,39450,7,TRUE,2024,2024/25
2024-09-30,1.74,42562,7,TRUE,2024,2024/25
2024-10-07,2.23,46763,7,TRUE,2024,2024/25
2024-10-14,2.11,49818,7,TRUE,2024,2024/25
2024-10-21,3.04,49732,7,TRUE,2024,2024/25
2024-10-28,2.8,50802,7,TRUE,2024,2024/25
2024-11-04,3.07,53729,7,TRUE,2024,2024/25
2024-11-11,4.4,58282,7,TRUE,2024,2024/25
2024-11-18,6.92,62660,7,TRUE,2024,2024/25
2024-11-25,10.48,67671,7,TRUE,2024,2024/25
2024-12-02,14.68,69897,7,TRUE,2024,2024/25
2024-12-09,17.83,74665,7,TRUE,2024,2024/25
2024-12-16,21.43,87040,7,TRUE,2024,2024/25
2024-12-23,26.66,99681,7,TRUE,2024,2024/25
2024-12-30,22.9,81580,7,TRUE,2024,2024/25
2025-01-06,17.36,57968,7,TRUE,2024,2024/25
2025-01-13,15.26,52230,7,TRUE,2024,2024/25
2025-01-20,13.82,53873,7,TRUE,2024,2024/25
2025-01-27,13.17,55378,7,TRUE,2024,2024/25
2025-02-03,11.63,54759,7,TRUE,2024,2024/25
2025-02-10,10.28,54362,7,TRUE,2024,2024/25
2025-02-17,10.03,54961,7,TRUE,2024,2024/25
2025-02-24,8.76,40496,7,TRUE,2024,2024/25
2025-03-03,6.78,45866,7,TRUE,2024,2024/25
2025-03-10,7.36,46439,7,TRUE,2024,2024/25
2025-03-17,6.45,49348,7,TRUE,2024,2024/25
2025-03-24,6.17,46223,7,TRUE,2024,2024/25
2025-03-31,4.84,46611,7,TRUE,2024,2024/25
2025-04-07,3.77,44600,7,TRUE,2024,2024/25
2025-04-14,3.02,49636,7,TRUE,2024,2024/25
2025-04-21,2.02,43847,7,TRUE,2024,2024/25
2025-04-28,1.58,34920,7,TRUE,2024,2024/25
2025-05-05,1.58,37870,7,TRUE,2024,2024/25
2025-05-12,1.27,33392,7,TRUE,2024,2024/25
2025-05-19,1.18,35050,7,TRUE,2024,2024/25
2025-05-26,0.87,37849,7,TRUE,2024,2024/25
2025-06-02,0.69,30391,7,TRUE,2024,2024/25
2025-06-09,1.09,30873,7,TRUE,2024,2024/25
2025-06-16,0.84,29317,7,TRUE,2024,2024/25
2025-06-23,0.98,28535,7,TRUE,2024,2024/25
2025-06-30,0.49,26863,7,TRUE,2024,2024/25
2025-07-07,1.18,26254,7,TRUE,2025,2025/26
2025-07-14,0.6,27796,7,TRUE,2025,2025/26
2025-07-21,0.88,26643,7,TRUE,2025,2025/26
2025-07-28,0.54,26287,7,TRUE,2025,2025/26
2025-08-04,1.02,25403,7,TRUE,2025,2025/26
2025-08-11,0.97,25117,7,TRUE,2025,2025/26
2025-08-18,1.13,25576,7,TRUE,2025,2025/26
2025-08-25,1.63,28619,7,TRUE,2025,2025/26
2025-09-01,0.99,26274,7,TRUE,2025,2025/26
2025-09-08,1.32,28912,7,TRUE,2025,2025/26
2025-09-15,1.33,34308,7,TRUE,2025,2025/26
2025-09-22,2.72,37501,7,TRUE,2025,2025/26
2025-09-29,4.81,40844,7,TRUE,2025,2025/26
2025-10-06,6.66,42946,7,TRUE,2025,2025/26
2025-10-13,7.53,44764,7,TRUE,2025,2025/26
2025-10-20,9.47,45670,7,TRUE,2025,2025/26
2025-10-27,11.95,45765,7,TRUE,2025,2025/26
2025-11-03,12.87,46969,7,TRUE,2025,2025/26
2025-11-10,11.07,50125,7,TRUE,2025,2025/26
2025-11-17,10.5,55022,7,TRUE,2025,2025/26
2025-11-24,15.63,67772,7,TRUE,2025,2025/26
2025-12-01,21.44,74478,7,TRUE,2025,2025/26
2025-12-08,19.79,73587,7,TRUE,2025,2025/26
2025-12-15,17.46,71107,7,TRUE,2025,2025/26
2025-12-22,15.07,86061,7,TRUE,2025,2025/26
2025-12-29,14.5,70355,7,TRUE,2025,2025/26
2026-01-05,12.89,53739,7,TRUE,2025,2025/26
2026-01-12,11.48,48729,7,TRUE,2025,2025/26
2026-01-19,9.16,48914,7,TRUE,2025,2025/26
2026-01-26,7.18,48660,7,TRUE,2025,2025/26
2026-02-02,5.26,49888,7,TRUE,2025,2025/26
2026-02-09,3.96,47118,7,TRUE,2025,2025/26
2026-02-16,3,44923,7,TRUE,2025,2025/26
2026-02-23,2.32,42364,7,TRUE,2025,2025/26
2026-03-02,1.65,40074,7,TRUE,2025,2025/26
2026-03-09,1.52,40790,7,TRUE,2025,2025/26
2026-03-16,1.41,48461,7,TRUE,2025,2025/26
2026-03-23,1.3,46931,7,TRUE,2025,2025/26
2026-03-30,1.02,53438,7,TRUE,2025,2025/26
2026-04-06,1.24,46628,7,TRUE,2025,2025/26
2026-04-13,0.78,36030,7,TRUE,2025,2025/26
2026-04-20,0.95,32853,7,TRUE,2025,2025/26
2026-04-27,0.56,35309,7,TRUE,2025,2025/26
2026-05-04,1.19,40144,7,TRUE,2025,2025/26
2026-05-11,1.05,34822,7,TRUE,2025,2025/26
2026-05-18,0.97,35604,7,TRUE,2025,2025/26
2026-05-25,0.92,37016,7,TRUE,2025,2025/26
2026-06-01,0.41,31358,7,TRUE,2025,2025/26
2026-06-08,0.82,29635,7,TRUE,2025,2025/26
2026-06-15,0.45,30965,7,TRUE,2025,2025/26
2026-06-22,0.41,30600,7,TRUE,2025,2025/26
2026-06-29,0.34,30269,7,TRUE,2025,2025/26
2026-07-06,0.79,27213,7,TRUE,2026,2026/27
2026-07-13,0.78,27453,7,TRUE,2026,2026/27
2026-07-20,0.45,27336,7,TRUE,2026,2026/27
2026-07-27,0.81,26103,7,TRUE,2026,2026/27
2026-08-03,1.08,25540,7,TRUE,2026,2026/27
2026-08-10,1.62,23877,7,TRUE,2026,2026/27
2026-08-17,2.22,23886,7,TRUE,2026,2026/27
2026-08-24,2.35,26109,7,TRUE,2026,2026/27
2026-08-31,2.47,32658,7,TRUE,2026,2026/27
2026-09-07,3.45,31470,7,TRUE,2026,2026/27
2026-09-14,3.74,37177,7,TRUE,2026,2026/27
