"date","metric_value","baseline_mean","upper_threshold"
2020-02-28,11,1.92857142857143,9.18939622466565
2020-03-01,18,2.46428571428571,10.4175220526557
2020-03-02,40,3.07142857142857,12.9286097691149
2020-03-03,53,3.85714285714286,20.0934924351437
2020-03-04,49,5.75,30.3331920899897
2020-03-05,46,7.46428571428572,36.890815154922
2020-03-06,74,9.10714285714285,41.7640088958628
2020-03-07,55,11.75,52.3587930634989
2020-03-09,127,15.3571428571429,60.7499609730953
2020-03-10,229,19.8571428571429,81.4404842451184
2020-03-11,358,27.8928571428571,127.730264643793
2020-03-12,421,40.6428571428572,199.796371932325
2020-03-13,401,55.6428571428572,269.176245484137
2020-03-15,398,81.2142857142857,345.035974735267
2020-03-16,552,95.4285714285715,382.924235071967
2020-03-17,683,115.107142857143,447.686440796731
2020-03-18,910,139.464285714286,531.88902995728
2020-03-19,932,171.964285714286,656.416013124227
2020-03-20,1096,205.25,763.188168617276
2020-03-21,1040,244.321428571429,889.603119244161
2020-03-22,1212,281.464285714286,985.463966299831
2020-03-23,2010,324.535714285714,1102.32717108153
2020-03-24,2041,396.25,1390.77093436432
2020-03-25,2284,469.035714285714,1628.75822032123
2020-03-26,2633,550.571428571429,1882.08946267096
2020-03-27,2673,644.357142857143,2172.46924018855
2020-03-30,3514,911.071428571428,2754.89490598813
2020-03-31,3816,1035.14285714286,3091.14838489776
2020-04-01,4150,1169.53571428571,3439.99538268331
2020-04-02,4097,1316,3805.1789513516
2020-07-29,994,608.321428571429,868.037543430442
2020-08-03,963,640.821428571429,940.391022821148
2020-08-10,1375,716.142857142857,1063.75000631952
2020-08-11,1247,740.464285714286,1167.79830621741
2020-09-01,1962,1018.42857142857,1499.39717087223
2020-09-02,2696,1054.03571428571,1651.98962856163
2020-09-03,2716,1115.57142857143,1975.96831004578
2020-09-04,2637,1176.67857142857,2226.65212362761
2020-09-07,3530,1348.35714285714,2558.21384870178
2020-09-08,3071,1425.32142857143,2889.62923405713
2020-09-16,3778,1931.46428571429,3689.76021851445
2020-09-17,3979,2026.89285714286,3886.46862232561
2020-09-18,4290,2124.21428571429,4097.73554982425
2020-09-20,4652,2365,4493.99085814714
2020-09-21,4727,2506,4700.6009170656
2020-09-22,5400,2633.53571428571,4915.98907154021
2020-09-23,5934,2787.64285714286,5214.50317995812
2020-09-24,6361,2957.39285714286,5575.46635520777
2020-09-25,6105,3136.14285714286,5974.81817231604
2020-09-28,8641,3652.57142857143,6609.64998831001
2020-09-29,8832,3915.5,7278.45758279876
2020-09-30,10663,4160.85714285714,7912.58210767535
2020-10-01,11444,4445.39285714286,8882.18149689824
2020-10-02,11719,4757.10714285714,9865.46544518613
2020-10-05,14218,5635.28571428571,11567.9623285572
2020-10-06,14458,6017,12713.9135400543
2020-10-07,15418,6423.67857142857,13733.429644934
2020-10-08,15452,6871,14791.8916071268
2020-10-12,16420,8253.5,16193.5122492675
2020-10-19,22369,10984.6071428571,18641.8955777147
2020-10-20,21638,11614.6785714286,20004.3634205588
2020-10-21,21762,12194.6071428571,21035.0767355342
2020-10-26,23033,14225.5,22059.9683338484
2020-11-02,28394,16425.1071428571,23963.8199191042
2020-11-09,28562,18457.1071428571,26326.241677401
2020-12-14,30019,14971.5,22437.287597062
2020-12-15,29652,15181.2142857143,23934.9428772328
2020-12-16,30648,15501.8214285714,25638.5261024535
2020-12-17,30160,15934.0714285714,27535.4477444781
2020-12-18,32426,16447.0357142857,29232.9428459637
2020-12-21,43446,18168.2857142857,32610.4227353588
2020-12-22,41741,19131.6428571429,36422.1167080649
2020-12-27,43250,22599.9642857143,42993.6225700175
2020-12-29,74058,24735.6785714286,46513.8068184061
2020-12-30,64243,26890.1785714286,55130.088481334
2021-01-04,70920,33540.6785714286,64016.9660339355
2021-05-24,2750,1848.85714285714,2520.952090798
2021-05-25,2797,1866.10714285714,2604.26668383491
2021-05-26,3179,1901.39285714286,2718.4675559875
2021-05-27,3075,1938.03571428571,2883.80625761793
2021-05-31,3170,2120.85714285714,3138.32410863786
2021-06-01,4515,2169.57142857143,3252.9805101723
2021-06-02,5039,2252.25,3652.33948126738
2021-06-03,5131,2353.53571428571,4105.06393438955
2021-06-04,4886,2466.53571428571,4500.15540138211
2021-06-07,6791,2775,5091.60460348522
2021-06-08,6627,2934.5,5695.02499032742
2021-06-09,6919,3104.32142857143,6162.68003233364
2021-06-10,6718,3284.67857142857,6623.59527548301
2021-06-14,8941,3947.35714285714,7501.45542259148
2021-06-15,9153,4183.07142857143,8147.05315026833
2021-06-16,9411,4429.92857142857,8738.16429965272
2021-06-17,9523,4685.28571428571,9297.13935807647
2021-06-21,12707,5621.96428571429,10259.3364177526
2021-06-22,13563,5977.57142857143,11192.4931652398
2021-06-23,14806,6362.07142857143,12159.2888180021
2021-06-24,15084,6777.32142857143,13254.5413181039
2021-06-25,14901,7206.21428571429,14233.5176377916
2021-06-28,23511,8484.96428571428,16099.8630055416
2021-06-29,23250,9211.42857142857,18434.314765924
2021-06-30,23941,9880.53571428572,20327.2635377207
2021-07-01,24267,10555.6071428571,22090.7470956344
2021-07-05,30215,13065.8571428571,26042.24274605
2021-07-06,31626,13902.4285714286,28157.9426799185
2021-07-07,34274,14795.25,30242.2026528458
2021-07-12,40477,18882.3214285714,35512.2577822375
2021-07-13,43247,20008.6071428571,38056.7998734679
2021-07-14,50320,21226.25,40774.4464357045
2021-07-15,57583,22687.2857142857,44550.3868386113
2021-07-16,51138,24403.7142857143,49313.5916594086
2021-08-31,33565,25851.7857142857,33324.7108365921
2021-09-27,34595,25708.1071428571,34456.4991193636
2021-10-04,36475,25582.8928571429,34181.5940396736
2021-10-11,43115,27544.9285714286,36010.1857581947
2021-10-12,40892,28184.7857142857,38434.7647402031
2021-10-13,40547,28836.6071428571,39912.1879882797
2021-10-18,49257,31434.8571428571,42484.2527786077
2021-11-22,42870,32726.2857142857,42576.2539993581
2021-11-29,47939,33378.1785714286,44231.9723652859
2021-11-30,47632,33745.1785714286,45825.583286915
2021-12-06,51121,36782.4642857143,48165.2930362964
2021-12-13,76507,40470.5,53519.7656640276
2021-12-14,90718,41685.8571428571,60552.473528454
2021-12-15,99654,43545.25,69934.9689892832
2021-12-16,93804,45738,79483.0452395937
2021-12-20,117576,53033.7142857143,94382.0584483855
2021-12-21,129598,55701.7857142857,103472.010714282
2021-12-22,138140,58865.5357142857,113797.266331364
2021-12-23,137019,62374.7857142857,124375.14908086
2021-12-27,155567,72384.9642857143,138690.617946636
2021-12-28,170584,76228.8214285714,148835.225864082
2021-12-29,224031,80619.9642857143,160554.316049187
2021-12-30,192825,86933.1071428571,182359.794501524
2022-01-04,234874,107841.535714286,209006.5177211
2022-03-08,52343,32967.3571428571,51528.996001011
2022-03-09,55491,32856.8571428571,50893.019374981
2022-03-10,54296,33016.7857142857,51785.3133059129
2022-03-13,60271,34813.5357142857,56869.291274412
2022-03-14,79516,35811.5714285714,59841.1363384198
2022-03-15,74101,37133.8928571429,66229.1089350318
2022-03-16,73951,38346.5714285714,70619.4955483052
2022-03-21,89907,44499.5,81646.4754533708
2022-06-06,9798,5982.57142857143,8464.47377114965
2022-06-07,9484,6015.5,8674.77088308612
2022-06-08,9951,6063,8920.82242923472
2022-06-09,9589,6158.96428571429,9345.61567954765
2022-06-12,10718,6512.53571428571,10161.6923893482
2022-06-13,12954,6654.96428571429,10635.5832393405
2022-06-14,12660,6836.03571428571,11458.1283774959
2022-06-15,12387,7044.21428571429,12163.6805587387
2022-06-19,14524,7976.75,13854.131468471
2022-06-20,16918,8311.5,14576.1970308937
2022-06-21,17531,8692.57142857143,15691.631395687
2022-06-22,17764,9118.92857142857,16759.7720177654
2022-06-27,21896,11235.5,19417.1707974006
2022-06-28,21869,11805.7857142857,20651.9073312078
2022-06-29,21719,12382.0357142857,21678.1321707583
2022-07-03,25172,14568.9642857143,23725.6838581399
2022-07-04,30388,15169.7142857143,24827.6665701296
2022-07-05,28117,15905.0714285714,26908.1900966255
2022-09-19,5701,3731.10714285714,4939.30768290567
2022-09-20,7205,3771.32142857143,5157.83552846596
2022-09-21,6943,3883.07142857143,5781.37468097744
2022-09-22,6295,3991.28571428571,6214.34252581834
2022-09-25,6738,4303.85714285714,6686.409817758
2022-09-26,8050,4441.57142857143,6926.76041034571
2022-09-27,7651,4588.5,7412.99075056018
2022-09-28,7805,4702,7753.52450060257
2022-10-02,8623,5233.25,8549.8538240836
2022-10-03,10881,5406.96428571429,8907.67547196256
2022-10-04,10247,5638.96428571429,9678.30216626198
2022-11-28,4237,3043.39285714286,4215.2492937154
2022-12-05,4848,3063.39285714286,4143.30085586973
2022-12-06,4760,3098.03571428571,4336.8818299969
2022-12-07,4641,3147.32142857143,4533.71563829747
2022-12-12,6358,3386.67857142857,4851.13843176605
2022-12-13,6485,3488.96428571429,5334.90577847861
2022-12-14,5962,3607.71428571429,5767.06239428045
2022-12-19,8242,4092.32142857143,6384.29803329796
2022-12-20,7839,4259.92857142857,7024.70334243462
2023-02-06,3621,2310.28571428571,3424.44068151662
2023-02-13,4551,2534.07142857143,3738.1165770508
2023-02-14,4357,2614.14285714286,4034.80860762858
2023-02-20,4554,3036.75,4410.78419279251
2023-03-13,5285,3745.14285714286,4968.9514495704
2023-07-17,491,336.392857142857,465.38937077443
2023-07-18,517,338.892857142857,477.077209889163
2023-07-24,630,369.928571428571,542.99668353641
2023-07-25,649,381.428571428571,578.548146773404
2023-07-26,621,394.071428571429,612.458735604177
2023-07-30,753,447.928571428571,681.277731889522
2023-07-31,847,465.392857142857,714.316072604508
2023-08-01,846,483.285714285714,766.299577127884
2023-08-02,824,502.464285714286,808.342732713456
2023-08-07,1022,581.142857142857,910.118242594116
2023-08-08,1086,601.321428571429,966.076060891488
2023-08-09,1034,624,1026.94765766141
2023-08-29,1368,968.964285714286,1228.97709573653
2023-08-30,1490,987.607142857143,1283.4355912854
2023-08-31,1447,1011.39285714286,1355.76833666989
2023-09-01,1514,1034.25,1406.20404933246
2023-09-03,1637,1083.82142857143,1466.28093640497
2023-09-04,1970,1112.75,1535.08482416645
2023-09-05,1891,1146.60714285714,1676.94884662116
2023-09-06,1859,1175.35714285714,1774.84141856869
2023-09-25,2562,1622.89285714286,2103.00930576007
2023-09-26,2700,1675.5,2229.98942146674
2023-09-27,2669,1723.07142857143,2386.06395488458
2023-10-02,2645,1865.57142857143,2627.94655322322
2023-12-04,968,602.285714285714,872.667533279389
2023-12-05,969,608.857142857143,905.251631877592
2023-12-06,968,614.25,931.210857496924
2023-12-10,994,676.964285714286,985.389428630794
2023-12-11,1263,690.964285714286,1020.16195554217
2023-12-12,1284,709.392857142857,1103.06139200933
2023-12-13,1208,727.892857142857,1177.33146640119
2023-12-18,1594,824.964285714286,1330.63274162348
2023-12-19,1467,856.821428571429,1437.22462267435
2024-04-22,263,185.678571428571,249.842836483607
2024-04-23,272,188.107142857143,258.572977574642
2024-04-24,294,191.214285714286,268.458213233699
2024-04-25,282,195.035714285714,281.456703064988
2024-04-29,342,205.535714285714,294.92621364477
2024-04-30,377,211.214285714286,313.881467737317
2024-05-01,397,215.678571428571,335.191228215521
2024-05-02,362,222.464285714286,360.129991541287
2024-05-03,412,228.25,375.296603849609
2024-05-07,411,249.535714285714,409.142158175731
2024-06-13,409,279.785714285714,394.078848965452
2024-06-14,406,281.892857142857,403.497363986379
2024-06-17,476,294.178571428571,418.895796555601
2024-06-18,514,299.571428571429,441.665219789221
2024-06-19,544,307.571428571429,471.044320034773
2024-06-25,552,359.321428571429,549.735444217592
2024-06-26,571,368.392857142857,570.529106964762
2024-07-08,617,437.678571428571,596.854275485141
2024-09-16,465,243.178571428571,315.679000181181
2024-09-17,451,250.964285714286,361.834890498832
2024-09-18,436,259.821428571429,392.313277177635
2024-09-19,418,267.535714285714,414.745297450878
2024-09-23,512,292.107142857143,450.894528572866
2024-09-24,487,302.071428571429,479.405537651961
2024-10-02,568,355.964285714286,560.180207858331
2024-10-07,649,399.857142857143,593.186425792273
2025-02-11,161,121.821428571429,159.023792380948
2025-02-21,171,125.642857142857,166.188083050667
2025-02-24,172,128.75,168.84848985796
2025-04-01,225,153.75,211.046176590169
2025-05-27,226,160.214285714286,219.554752558514
2025-07-29,199,152.142857142857,198.963916936626
2025-08-07,226,163.285714285714,221.769918276212
2025-08-11,240,169.821428571429,228.664732281659
2025-08-12,278,171.25,234.880006897515
2025-08-13,263,174.607142857143,249.881139716447
2025-08-26,272,199.392857142857,269.477122372681
2025-08-27,288,202,277.263487778554
2025-09-09,312,228.285714285714,311.955005334164
2025-09-15,344,238.214285714286,323.437056350546
2025-09-16,392,242.321428571429,336.333332579581
2025-09-18,384,254,367.82637850887
2025-09-19,400,260.571428571429,382.42796665214
2025-09-23,420,283.214285714286,404.924758367378
2025-09-24,456,288.5,420.601532219785
2025-09-29,542,320.5,464.755431889512
2025-10-01,545,337.607142857143,512.710362605203
2025-10-02,557,347.714285714286,536.824370952023
2026-01-22,140,94.6071428571429,129.309429197508
2026-02-04,141,101.071428571429,136.094927863268
2026-07-08,27,13,22.3015331273139
2026-07-16,29,14.0714285714286,24.3696279311667
2026-07-22,27,14.0714285714286,25.2524782992436
2026-07-23,34,14.6428571428571,26.7683037336617
2026-07-28,38,16.9642857142857,31.35030920786
2026-08-04,39,21.7857142857143,38.6015546385628
2026-08-05,52,22.6785714285714,40.4095117134588
2026-08-26,70,39.6428571428571,58.4928638092419
2026-08-27,77,41.25,62.4483577281442
2026-09-01,93,46.6428571428571,70.7488839639766
2026-09-02,100,48.5714285714286,78.1583554714336
2026-09-04,90,51.7857142857143,88.0495913959845
2026-09-07,112,56.8214285714286,93.9161165067095
2026-09-08,116,59.3571428571429,101.349079598888
2026-09-09,111,61.8928571428571,108.598679718141
2026-09-11,144,66.1428571428571,118.130645696807
2026-09-13,143,72.7857142857143,133.632472969543
2026-09-14,186,76.8214285714286,140.80534685518
2026-09-15,195,81.7857142857143,156.791604706958
